kvalifikovat se,qualify [ˈkwɒl.ɪ.faɪ]
vzorek,sample [ˈsɑːm.pəl]
druhotný,secondary [ˈsek.ən.dri]
sluneční,solar [ˈsəʊ.lər]
nějak,somehow [ˈsʌm.haʊ]
trpět,suffer [ˈsʌf.ər]
konečný,ultimate [ˈʌl.tɪ.mət]
neznámý,unknown [ʌnˈnəʊn]
připojit,attach [əˈtætʃ]
automaticky,automatically [ˌɔː.təˈmæt.ɪ.kəl.i]
baterie,battery [ˈbæt.ər.i]
slepý,blind [blaɪnd]
dech,breath [breθ]
stručný,brief [briːf]
truhla,chest [tʃest]
debut,debut [ˈdeɪ.bju]
věnovat se,engage [ɪnˈɡeɪdʒ]
vnější,external [ɪkˈstɜː.nəl]
představa,fantasy [ˈfæn.tə.si]
popadnout,grab [ɡræb]
bezprostřední,immediate [ɪˈmiː.di.ət]
úvod,introduction [ˌɪn.trəˈdʌk.ʃən]
Oficiální povolení k činnosti,license [ˈlaɪ.səns]
letec,pilot [ˈpaɪ.lət]
růžový,pink [pɪŋk]
prezidentský,presidential [ˌprez.ɪˈden.ʃəl]
ředitel(ka) školy,principal [ˈprɪn.sə.pəl]
(roz)poznat,recognize [ˈrek.əɡ.naɪz]
pravidelně,regularly [ˈreɡ.jə.lə.li]
přepravní poplatky,shipping [ˈʃɪp.ɪŋ]
zpěvák,singer [ˈsɪŋ.ər]
kouření,smoking [ˈsməʊ.kɪŋ]
pára,steam [stiːm]
přežít,survive [səˈvaɪv]
vysoký,tall [tɔːl]
terapie,therapy [ˈθer.ə.pi]
svědek,witness [ˈwɪt.nəs]
adoptovat,adopt [əˈdɒpt]
cíl (zamýšlený),aim [eɪm]
kampus,campus [ˈkæm.pəs]
čepice,cap [kæp]
dětství,childhood [ˈtʃaɪld.hʊd]
klinický,clinical [ˈklɪn.ɪ.kəl]
komedie,comedy [ˈkɒm.ə.di]
velitel,commander [kəˈmɑːn.dər]
srovnání,comparison [kəmˈpær.ɪ.sən]
porazit,defeat [dɪˈfiːt]
obrana,defence [dɪˈfens]
demokracie,democracy [dɪˈmɒk.rə.si]
oprávnit,entitle [ɪnˈtaɪ.təl]
přesný,exact [ɪɡˈzækt]
vystavit,expose [ɪkˈspəʊz]
zranit,injure [ˈɪn.dʒər]
hudební,musical [ˈmjuː.zɪ.kəl]
nos,nose [nəʊz]
odporovat,oppose [əˈpəʊz]
(z)organizovat,organize [ˈɔː.ɡən.aɪz]
plast,plastic [ˈplæs.tɪk]
citát,quote [kwəʊt]
tušit,suspect [səˈspekt]
přísahat,swear [sweər]
technika,technique [tekˈniːk]
kravata,tie [taɪ]
trend,trend [trend]
cenný,valuable [ˈvæl.jə.bəl]
bohatství,wealth [welθ]
moudrý,wise [waɪz]
starý,aged [eɪdʒd]
schválení,approval [əˈpruː.vəl]
aspekt,aspect [ˈæs.pekt]
chléb,bread [bred]
spalující,burning [ˈbɜː.nɪŋ]
zvyklost,convention [kənˈven.ʃən]
tancování,dancing [ˈdɑːn.sɪŋ]
vajíčko,egg [eɡ]
inženýr,engineer [ˌen.dʒɪˈnɪər]
ekvivalent,equivalent [ɪˈkwɪv.əl.ənt]
docela,fairly [ˈfeə.li]
prst,finger [ˈfɪŋ.ɡər]
brod,ford [fɔːd]
gang,gang [ɡæŋ]
absolvent,graduate [ˈɡrædʒ.u.ət]
vnitřní,inner [ˈɪn.ər]
svezení,lift [lɪft]
mlynář,miller [ˈmɪl.ər]
měsíční,monthly [ˈmʌn.θli]
sousedství,neighborhood [ˈneɪ.bɚ.hʊd]
provozovat,operate [ˈɒp.ər.eɪt]
vynikající,outstanding [ˌaʊtˈstæn.dɪŋ]
svolení,permission [pəˈmɪʃ.ən]
závodění,racing [ˈreɪ.sɪŋ]
předpis,regulation [ˌreɡ.jəˈleɪ.ʃən]
odpověď,reply [rɪˈplaɪ]
zbavit,rid [rɪd]
vědec,scientist [ˈsaɪ.ən.tɪst]
rameno,shoulder [ˈʃəʊl.dər]
sprcha,shower [ʃaʊər]
věž,tower [taʊər]
tradice,tradition [trəˈdɪʃ.ən]
vizuální,visual [ˈvɪʒ.u.əl]
kolo,wheel [wiːl]
jmenování,appointment [əˈpɔɪnt.mənt]
sotva,barely [ˈbeə.li]
(o)slavit,celebrate [ˈsel.ə.breɪt]
čokoláda,chocolate [ˈtʃɒk.lət]
uhlí,coal [kəʊl]
barva,colour [ˈkʌl.ər]
soudobý,contemporary [kənˈtem.pər.ər.i]
kritika,criticism [ˈkrɪt.ɪ.sɪ.zəm]
efektivně,effectively [ɪˈfek.tɪv.li]
rozsáhlý,extensive [ɪkˈsten.sɪv]
utváření,formation [fɔːˈmeɪ.ʃən]
galerie,gallery [ˈɡæl.ər.i]
dálnice,highway [ˈhaɪ.weɪ]
historický,historic [hɪˈstɒr.ɪk]
lovit(zvěř ap.),hunt [hʌnt]
zlepšení,improvement [ɪmˈpruːv.mənt]
palec(míra),inch [ɪntʃ]
nejprve,initially [ɪˈnɪʃ.əl.i]
služebně mladší,junior [ˈdʒuː.ni.ər]
porota,jury [ˈdʒʊə.ri]
netvor,monster [ˈmɒn.stər]
získat,obtain [əbˈteɪn]
filozofie,philosophy [fɪˈlɒs.ə.fi]
pýcha,pride [praɪd]
(z)opakovat,repeat [rɪˈpiːt]
drsný(povrch),rough [rʌf]
urovnání(sporu),settlement [ˈset.əl.mənt]
pach,smell [smel]
reproduktor,speaker [ˈspiː.kər]
obklopit,surround [səˈraʊnd]
tón,tone [təʊn]
téma,topic [ˈtɒp.ɪk]
univerzální,universal [ˌjuː.nɪˈvɜː.səl]
obrovský,vast [vɑːst]
návštěvník,visitor [ˈvɪz.ɪ.tər]
auto,auto [ˈɔː.təʊ]
důsledný,consistent [kənˈsɪs.tənt]
šedá,grey [ɡreɪ]
kytara,guitar [ɡɪˈtɑːr]
ignorovat,ignore [ɪɡˈnɔːr]
jídlo,meal [mɪəl]
zatím,meanwhile [ˈmiːn.waɪl]
přirozeně,naturally [ˈnætʃ.ər.əl.i]
nutně,necessarily [nes.əˈser.əl.i]
hekat,pant [pænt]
partnerství,partnership [ˈpɑːt.nə.ʃɪp]
procento,percentage [pəˈsen.tɪdʒ]
kapsa,pocket [ˈpɒk.ɪt]
praktický,practical [ˈpræk.tɪ.kəl]
především,primarily [praɪˈmer.əl.i]
bez ohledu na to,regardless [rɪˈɡɑːd.ləs]
spěchat,rush [rʌʃ]
ostrý,sharp [ʃɑːp]
fotbal,soccer [ˈsɒk.ər]
stáj,stable [ˈsteɪ.bəl]
příznak,symptom [ˈsɪmp.təm]
dočasný,temporary [ˈtem.pər.ər.i]
trik,trick [trɪk]
kost,bone [bəʊn]
komorní,chamber [ˈtʃeɪm.bər]
diagram,chart [tʃɑːt]
obvod,circuit [ˈsɜː.kɪt]
oblečení,clothing [ˈkləʊ.ðɪŋ]
(z)komplikovat,complicate [ˈkɒm.plɪ.keɪt]
následek,consequence [ˈkɒn.sɪ.kwəns]
bránit(před útokem),defend [dɪˈfend]
rozdělit,divide [dɪˈvaɪd]
každodenní,everyday [ˈev.ri.deɪ]
rozsah,extent [ɪkˈstent]
rybaření,fishing [ˈfɪʃ.ɪŋ]
formát,format [ˈfɔː.mæt]
mezera,gap [ɡæp]
brána,gate [ɡeɪt]
ublížit,harm [hɑːm]
domácnost,household [ˈhaʊs.həʊld]
přistěhovalectví,immigration [ˌɪm.ɪˈɡreɪ.ʃən]
působivý,impressive [ɪmˈpres.ɪv]
zabiják,killer [ˈkɪl.ər]
lekce,lesson [ˈles.ən]
členství,membership [ˈmem.bə.ʃɪp]
zrcadlo,mirror [ˈmɪr.ər]
parkoviště,parking [ˈpɑː.kɪŋ]
návrh,proposal [prəˈpəʊ.zəl]
provincie,province [ˈprɒv.ɪns]
rozpoznání,recognition [ˌrek.əɡˈnɪʃ.ən]
pověst,reputation [ˌrep.jəˈteɪ.ʃən]
krátce,shortly [ˈʃɔːt.li]
silně,strongly [ˈstrɒŋ.li]
slza,tear [teər]
tenký,thin [θɪn]
obvinit,accuse [əˈkjuːz]
dobrodružství,adventure [ədˈven.tʃər]
hádat se,argue [ˈɑːɡ.juː]
vyměření,assessment [əˈses.mənt]
atmosféra,atmosphere [ˈæt.mə.sfɪər]
hrozný,awful [ˈɔː.fəl]
ložnice,bedroom [ˈbed.ruːm]
víra,belief [bɪˈliːf]
svázat (spoutat),bind [baɪnd]
opatrně,carefully [ˈkeə.fəl.i]
kontrast,contrast [ˈkɒn.trɑːst]
jinde,elsewhere [ˌelsˈweər]
rozšíření,extension [ɪkˈsten.ʃən]
zakladatel,founder [ˈfaʊn.dər]
(ozubený) převod,gear [ɡɪər]
hip,hip [hɪp]
infrastruktura,infrastructure [ˈɪn.frəˌstrʌk.tʃər]
volný (oděv ap.),loose [luːs]
morální,moral [ˈmɒr.əl]
urážlivý,offensive [əˈfen.sɪv]
balík,package [ˈpæk.ɪdʒ]
chudoba,poverty [ˈpɒv.ə.ti]
železnice,railway [ˈreɪl.weɪ]
směšný,ridiculous [rɪˈdɪk.jə.ləs]
citlivý,sensitive [ˈsen.sɪ.tɪv]
server,server [ˈsɜː.vər]
šok,shock [ʃɒk]
ticho,silence [ˈsaɪ.ləns]
"lepší (vyšší,kvalitnější)",superior [suːˈpɪə.ri.ər]
podporovatel,supporter [səˈpɔː.tər]
tlustý (deska ap.),thick [θɪk]
tuna,ton [tʌn]
přechod (změna stavu),transition [trænˈzɪʃ.ən]
násilný,violent [ˈvaɪə.lənt]
volič,voter [ˈvəʊ.tər]
(u)mýt,wash [wɒʃ]
kyselina,acid [ˈæs.ɪd]
herečka,actress [ˈæk.trəs]
administrativní,administrative [ədˈmɪn.ɪ.strə.tɪv]
podél,alongside [əˌlɒŋˈsaɪd]
anděl,angel [ˈeɪn.dʒəl]
úzkost,anxiety [æŋˈzaɪ.ə.ti]
bonus,bonus [ˈbəʊ.nəs]
hrad,castle [ˈkɑː.səl]
charita,charity [ˈtʃær.ə.ti]
vaření,cooking [ˈkʊk.ɪŋ]
zvědavý,curious [ˈkjʊə.ri.əs]
objev (vědecký),discovery [dɪˈskʌv.ər.i]
vévoda,duke [dʒuːk]
povzbudit,encourage [ɪnˈkʌr.ɪdʒ]
vymáhání (vynucení dodržení),enforcement [ɪnˈfɔːs.mənt]
záblesk,flash [flæʃ]
formální,formal [ˈfɔː.məl]
vzorec (sloučeniny ap.),formula [ˈfɔː.mjə.lə]
pevnost,fort [fɔːt]
šedá,gray [ɡreɪ]
"hrubý (chování, jazyk ap.)",gross [ɡrəʊs]
hladový,hungry [ˈhʌŋ.ɡri]
informovat,inform [ɪnˈfɔːm]
nevinný,innocent [ˈɪn.ə.sənt]
matematika,math [mæθ]
tajemství,mystery [ˈmɪs.tər.i]
palác,palace [ˈpæl.ɪs]
postih,penalty [ˈpen.əl.ti]
domácí mazlíček,pet [pet]
fotografování,photography [fəˈtɒɡ.rə.fi]
protest,protest [ˈprəʊ.test]
publikování,publication [ˌpʌb.lɪˈkeɪ.ʃən]
(o)hodnocení,rating [ˈreɪ.tɪŋ]
tichý,silent [ˈsaɪ.lənt]
úspěšně,successfully [səkˈses.fəl.i]
chrám,temple [ˈtem.pəl]
stezka,trail [treɪl]
strýc,uncle [ˈʌŋ.kəl]
neobvyklý,unusual [ʌnˈjuː.ʒu.əl]
příjezd,arrival [əˈraɪ.vəl]
útok,assault [əˈsɒlt]
povědomí,awareness [əˈweə.nəs]
špatně,badly [ˈbæd.li]
koupel,bath [bɑːθ]
zajmout,capture [ˈkæp.tʃər]
pronásledovat,chase [tʃeɪs]
součást(ka),component [kəmˈpəʊ.nənt]
beton,concrete [ˈkɒŋ.kriːt]
hluboce,deeply [ˈdiːp.li]
očekávání,expectation [ˌek.spekˈteɪ.ʃən]
vysvětlení,explanation [ˌek.spləˈneɪ.ʃən]
vystavení (vydání působení),exposure [ɪkˈspəʊ.ʒər]
beletrie,fiction [ˈfɪk.ʃən]
záruka,guarantee [ˌɡær.ənˈtiː]
štěstí,happiness [ˈhæp.i.nəs]
hrozný,horrible [ˈhɒr.ə.bəl]
ideál,ideal [aɪˈdiː.əl]
legenda,legend [ˈledʒ.ənd]
poručík,lieutenant [lefˈten.ənt]
nálada,mood [muːd]
sval,muscle [ˈmʌs.əl]
vášeň,passion [ˈpæʃ.ən]
procedura,procedure [prəˈsiː.dʒər]
výrobce,producer [prəˈdʒuː.sər]
hodnost,rank [ræŋk]
nahrazení,replacement [rɪˈpleɪs.mənt]
odejít do důchodu,retire [rɪˈtaɪər]
písek,sand [sænd]
úspora,saving [ˈseɪ.vɪŋ]
lavička (s opěradlem),settle [ˈset.əl]
stín,shadow [ˈʃæd.əʊ]
visačka,tag [tæɡ]
mzda,wage [weɪdʒ]
bulvár (ulice),avenue [ˈæv.ə.njuː]
nudný,boring [ˈbɔː.rɪŋ]
hodiny,clock [klɒk]
komisař,commissioner [kəˈmɪʃ.ən.ər]
závazek (dítě ap.),commitment [kəˈmɪt.mənt]
sebevědomý,confident [ˈkɒn.fɪ.dənt]
zvyk,custom [ˈkʌs.təm]
popřít,deny [dɪˈnaɪ]
psací stůl,desk [desk]
ucho,ear [ɪər]
elektřina,electricity [ˌel.ɪkˈtrɪs.ə.ti]
zemědělec,farmer [ˈfɑː.mər]
tělocvična,gym [dʒɪm]
nápomocný,helpful [ˈhelp.fəl]
hrůza,horror [ˈhɒr.ər]
štítek (etiketa),label [ˈleɪ.bəl]
nahý,naked [ˈneɪ.kɪd]
výstup (z počítače ap.),output [ˈaʊt.pʊt]
hřiště,pitch [pɪtʃ]
pizza,pizza [ˈpiːt.sə]
prostý (všední),plain [pleɪn]
zadní část,rear [rɪər]
odhalit,reveal [rɪˈviːl]
romantický,romantic [rəʊˈmæn.tɪk]
strategický,strategic [strəˈtiː.dʒɪk]
plavání,swimming [ˈswɪm.ɪŋ]
blaho(byt),welfare [ˈwel.feər]
drát,wire [waɪər]
poté,afterwards [ˈɑːf.tə.wədz]
v pořádku,alright [ɔːlˈraɪt]
hněv,anger [ˈæŋ.ɡər]
architektura,architecture [ˈɑː.kɪ.tek.tʃər]
pomáhat,assist [əˈsɪst]
jménem,behalf [bɪˈhɑːf]
pás(ek),belt [belt]
obřad,ceremony [ˈser.ɪ.mə.ni]
komik,comic [ˈkɒm.ɪk]
policajt,cop [kɒp]
návrhář,designer [dɪˈzaɪ.nər]
diamant,diamond [ˈdaɪə.mənd]
zklamat,disappoint [ˌdɪs.əˈpɔɪnt]
efektivní,efficient [ɪˈfɪʃ.ənt]
elektrický,electrical [ɪˈlek.trɪ.kəl]
zaměstnat,employ [ɪmˈplɔɪ]
v podstatě,essentially [ɪˈsen.ʃəl.i]
zřízení,establishment [ɪˈstæb.lɪʃ.mənt]
duch,ghost [ɡəʊst]
hokej,hockey [ˈhɒk.i]
lov(ení),hunting [ˈhʌn.tɪŋ]
sada,kit [kɪt]
nervózní,nervous [ˈnɜː.vəs]
čerstvě,newly [ˈnjuː.li]
zvláštní,odd [ɒd]
obyčejný,ordinary [ˈɔː.dən.əri]
(z)účastnit se,participate [pɑːˈtɪs.ɪ.peɪt]
modlitba,prayer [preər]
zásada,principle [ˈprɪn.sə.pəl]
rasista,racist [ˈreɪ.sɪst]
vzácně,rarely [ˈreə.li]
sexy,sexy [ˈsek.si]
půda,soil [sɔɪl]
(vy)řešit,solve [sɒlv]
žaludek,stomach [ˈstʌm.ək]
(vy)sát,suck [sʌk]
odpad(ky),trash [træʃ]
škaredý,ugly [ˈʌɡ.li]
virus,virus [ˈvaɪə.rəs]
chodec,walker [ˈwɔː.kər]
kdokoli,whoever [huːˈev.ər]
oživit (podpořit),boost [buːst]
pobočka (kancelář v jiném městě),bureau [ˈbjʊə.rəʊ]
plukovník,colonel [ˈkɜː.nəl]
pohodlí,comfort [ˈkʌm.fət]
bratranec,cousin [ˈkʌz.ən]
prasklina,crack [kræk]
paluba,deck [dek]
drak,dragon [ˈdræɡ.ən]
dramatický,dramatic [drəˈmæt.ɪk]
prach,dust [dʌst]
holandský,dutch [dʌtʃ]
vývoj,evolution [ˌiː.vəˈluː.ʃən]
najmout(si),hire [haɪər]
nemoc,illness [ˈɪl.nəs]
inspirace,inspiration [ˌɪn.spɪˈreɪ.ʃən]
nůž,knife [naɪf]
v poslední době,lately [ˈleɪt.li]
památník,memorial [məˈmɔː.ri.əl]
menšina,minority [maɪˈnɒr.ə.ti]
máma,mum [mʌm]
priorita,priority [praɪˈɒr.ə.ti]
povýšení,promotion [prəˈməʊ.ʃən]
kolej(nice),rail [reɪl]
čtenář,reader [ˈriː.dər]
vzdálený,remote [rɪˈməʊt]
opravit,repair [rɪˈpeər]
kořen,root [ruːt]
svatý,saint [seɪnt]
(u)krást,steal [stiːl]
telefon,telephone [ˈtel.ɪ.fəʊn]
získat,acquire [əˈkwaɪər]
aliance,alliance [əˈlaɪ.əns]
otravný,annoying [əˈnɔɪ.ɪŋ]
nabídka (do soutěže či dražby),bid [bɪd]
kamarád,buddy [ˈbʌd.i]
pohřbít,bury [ˈber.i]
máslo,butter [ˈbʌt.ər]
závěr,conclusion [kənˈkluː.ʒən]
gratulace,congratulation [kənˌɡrætʃ.əˈleɪ.ʃən]
přesvědčit,convince [kənˈvɪns]
blbost (vulgárně),crap [kræp]
křišťál,crystal [ˈkrɪs.təl]
děkan (univerzity),dean [diːn]
slušný (mravný),decent [ˈdiː.sənt]
pokles,decline [dɪˈklaɪn]
zpoždění,delay [dɪˈleɪ]
poušť,desert [ˈdez.ət]
centrum města,downtown [ˌdaʊnˈtaʊn]
elita,elite [iˈliːt]
poskok (poskočení),hop [hɒp]
duševně chorý,insane [ɪnˈseɪn]
přistání,landing [ˈlæn.dɪŋ]
vrstva,layer [ˈleɪ.ər]
vzít si (sňatkem),marry [ˈmær.i]
nikde,nowhere [ˈnəʊ.weər]
zdravotní sestra,nurse [nɜːs]
organický,organic [ɔːˈɡæn.ɪk]
vlastnictví,ownership [ˈəʊ.nə.ʃɪp]
účastník,participant [pɑːˈtɪs.ɪ.pənt]
poezie,poetry [ˈpəʊ.ɪ.tri]
hrnec,pot [pɒt]
modlit se,pray [preɪ]
vzpomenout (si),recall [rɪˈkɔːl]
saké,sake [seɪk]
prostěradlo,sheet [ʃiːt]
hladký,smooth [smuːð]
duchovní,spiritual [ˈspɪr.ɪ.tʃu.əl]
provázek,string [strɪŋ]
náhlý,sudden [ˈsʌd.ən]
dovolená,vacation [veɪˈkeɪ.ʃən]
do/v zahraničí,abroad [əˈbrɔːd]
přidělit,assign [əˈsaɪn]
Atlantik,atlantic [ətˈlæn.tɪk]
lavička,bench [bentʃ]
obtěžovat se,bother [ˈbɒð.ər]
vysílat (televizí ap.),broadcast [ˈbrɔːd.kɑːst]
nashle,bye [baɪ]
uklízení,cleaning [ˈkliː.nɪŋ]
soutěžit,compete [kəmˈpiːt]
skládat se,consist [kənˈsɪst]
přispět,contribute [kənˈtrɪb.juːt]
kriket,cricket [ˈkrɪk.ɪt]
vchod,entrance [ˈen.trəns]
stejně,equally [ˈiː.kwə.li]
fitness,fitness [ˈfɪt.nəs]
přátelství,friendship [ˈfrend.ʃɪp]
idiot,idiot [ˈɪd.i.ət]
intenzivní,intense [ɪnˈtens]
životnost,lifetime [ˈlaɪf.taɪm]
kapalina,liquid [ˈlɪk.wɪd]
medaile,medal [ˈmed.əl]
hypotéka,mortgage [ˈmɔː.ɡɪdʒ]
vyprávění (slohový útvar),narrative [ˈnær.ə.tɪv]
úzký (na šířku),narrow [ˈnær.əʊ]
pozorovat,observe [əbˈzɜːv]
příležitostně,occasionally [əˈkeɪ.ʒən.əl.i]
pánev,pan [pæn]
fyzika,physics [ˈfɪz.ɪks]
potenciálně,potentially [pəˈten.ʃəl.i]
snížení,reduction [rɪˈdʌk.ʃən]
odrážet,reflect [rɪˈflekt]
výzkumník,researcher [rɪˈsɜː.tʃər]
hloupý,silly [ˈsɪl.i]
následný,subsequent [ˈsʌb.sɪ.kwənt]
překlad,translation [trænzˈleɪ.ʃən]
viditelný,visible [ˈvɪz.ə.bəl]
jo,yep [jep]
novelizace (zákona ap.),amendment [əˈmend.mənt]
úhel,angle [ˈæŋ.ɡəl]
patřit,belong [bɪˈlɒŋ]
biskup,bishop [ˈbɪʃ.əp]
běžně,commonly [ˈkɒm.ən.li]
obranný,defensive [dɪˈfen.sɪv]
účinnost,efficiency [ɪˈfɪʃ.ən.si]
podnik,enterprise [ˈen.tə.praɪz]
experiment,experiment [ɪkˈsper.ɪ.mənt]
nález (nalezení),finding [ˈfaɪn.dɪŋ]
fórum,forum [ˈfɔː.rəm]
tráva,grass [ɡrɑːs]
(a) proto,hence [hens]
čím dál tím víc(e),increasingly [ɪnˈkriː.sɪŋ.li]
neuvěřitelně,incredibly [ɪnˈkred.ə.bli]
sojka,jay [dʒeɪ]
novinář,journalist [ˈdʒɜː.nə.lɪst]
mlýn,mill [mɪl]
příležitost,occasion [əˈkeɪ.ʒən]
tempo (rychlost ap.),pace [peɪs]
cestující,passenger [ˈpæs.ən.dʒər]
mít něco u sebe / držet něco,possession [pəˈzeʃ.ən]
překotný,rapid [ˈræp.ɪd]
(o)točit (se) (kolem osy),spin [spɪn]
vhodný,suitable [ˈsuː.tə.bəl]
platný,valid [ˈvæl.ɪd]
vitální,vital [ˈvaɪ.təl]
"zatímco (form., kniž.)",whilst [waɪlst]
zemědělství,agriculture [ˈæɡ.rɪ.kʌl.tʃər]
tvrdit (nepodloženě),allege [əˈledʒ]
obchod (odvětví),commerce [ˈkɒm.ɜːs]
potok,creek [kriːk]
měna,currency [ˈkʌr.ən.si]
emoce,emotion [ɪˈməʊ.ʃən]
výstava,exhibition [ˌek.sɪˈbɪʃ.ən]
podvod,fraud [frɔːd]
pohřeb,funeral [ˈfjuː.nər.əl]
pravý (opravdový),genuine [ˈdʒen.ju.ɪn]
med,honey [ˈhʌn.i]
hák,hook [hʊk]
přistěhovalec,immigrant [ˈɪm.ɪ.ɡrənt]
pokyn,instruction [ɪnˈstrʌk.ʃən]
dědictví (národní ap.),legacy [ˈleɡ.ə.si]
poleno,log [lɒɡ]
pouze,merely [ˈmɪə.li]
monitor,monitor [ˈmɒn.ɪ.tər]
poměr,ratio [ˈreɪ.ʃi.əʊ]
litovat,regret [rɪˈɡret]
zavrhnout (zamítnout),reject [rɪˈdʒekt]
připomenout,remind [rɪˈmaɪnd]
letovisko,resort [rɪˈzɔːt]
zvrátit,reverse [rɪˈvɜːs]
rutina,routine [ruːˈtiːn]
strašidelný,scary [ˈskeə.ri]
semínko,seed [siːd]
hřích,sin [sɪn]
(vy)hláskovat ,spell [spel]
shrnutí,summary [ˈsʌm.ər.i]
přežití,survival [səˈvaɪ.vəl]
meč,sword [sɔːd]
jazyk,tongue [tʌŋ]
oddělení (v nemocnici),ward [wɔːd]
úspěch,achievement [əˈtʃiːv.mənt]
automatický,automatic [ˌɔː.təˈmæt.ɪk]
chování,behaviour [bɪˈheɪ.vjər]
kabát,coat [kəʊt]
vyčerpávající,comprehensive [ˌkɒm.prɪˈhen.sɪv]
souhlas (svolení) ,consent [kənˈsent]
tatínek,daddy [ˈdæd.i]
zkáza,destruction [dɪˈstrʌk.ʃən]
mimořádný,extraordinary [ɪkˈstrɔː.dɪn.ər.i]
osud,fate [feɪt]
četnost,frequency [ˈfriː.kwən.si]
gen,gene [dʒiːn]
sláva,glory [ˈɡlɔː.ri]
ústředí,headquarters [ˌhedˈkwɔː.təz]
dědictví,heritage [ˈher.ɪ.tɪdʒ]
iniciativa,initiative [ɪˈnɪʃ.ə.tɪv]
šťáva,juice [dʒuːs]
krajina,landscape [ˈlænd.skeɪp]
logika,logic [ˈlɒdʒ.ɪk]
objektivní,objective [əbˈdʒek.tɪv]
soukromí,privacy [ˈprɪv.ə.si]
bydliště (místo pobytu),residence [ˈrez.ɪ.dəns]
hrubě,roughly [ˈrʌf.li]
plat,salary [ˈsæl.ər.i]
scénář,script [skrɪpt]
proužek,strip [strɪp]
vyhrožovat,threaten [ˈθret.ən]
trubka (roura) ,tube [tʃuːb]
velvyslanec,ambassador [æmˈbæs.ə.dər]
bankovnictví,banking [ˈbæŋ.kɪŋ]
prsa,breast [brest]
chemie,chemistry [ˈkem.ɪ.stri]
usoudit,conclude [kənˈkluːd]
spotřeba,consumption [kənˈsʌmp.ʃən]
korupce,corruption [kəˈrʌp.ʃən]
bavlna,cotton [ˈkɒt.ən]
sleva,discount [ˈdɪs.kaʊnt]
tucet,dozen [ˈdʌz.ən]
epos,epic [ˈep.ɪk]
výjimka,exception [ɪkˈsep.ʃən]
východ,exit [ˈek.sɪt]
rozšířit,expand [ɪkˈspænd]
nóbl,fancy [ˈfæn.si]
nádherný,gorgeous [ˈɡɔː.dʒəs]
vděčný,grateful [ˈɡreɪt.fəl]
dojem,impression [ɪmˈpreʃ.ən]
naznačovat,indicate [ˈɪn.dɪ.keɪt]
vstup (odb.)(místo přívodu),input [ˈɪn.pʊt]
zaťukat,knock [nɒk]
"kůže (zvířecí, k výrobě ap.)",leather [ˈleð.ər]
ret,lip [lɪp]
přepych,luxury [ˈlʌk.ʃər.i]
text písně,lyric [ˈlɪr.ɪk]
výrobce,manufacturer [ˌmæn.jəˈfæk.tʃər.ər]
by měl,ought [ɔt]
odstranění,removal [rɪˈmuː.vəl]
zpravodaj,reporter [rɪˈpɔː.tər]
okrást,rob [rɒb]
výkřik,scream [skriːm]
posloupnost,sequence [ˈsiː.kwəns]
rozprostírat se,stretch [stretʃ]
tenis,tennis [ˈten.ɪs]
terorista,terrorist [ˈter.ə.rɪst]
divadlo,theater [ˈθɪə.tər]
panna,virgin [ˈvɜː.dʒɪn]
vlk,wolf [wʊlf]
nepřítomnost,absence [ˈæb.səns]
zemědělský,agricultural [ˌæɡ.rɪˈkʌl.tʃər.əl]
sportovec,athlete [ˈæθ.liːt]
býk,bull [bʊl]
příspěvek,contribution [ˌkɒn.trɪˈbjuː.ʃən]
lahodný,delicious [dɪˈlɪʃ.əs]
snadnost,ease [iːz]
sláva,fame [feɪm]
povodeň,flood [flʌd]
generovat,generate [ˈdʒen.ə.reɪt]
genetický,genetic [dʒəˈnet.ɪk]
zapůsobit,impress [ɪmˈpres]
okamžik,instant [ˈɪn.stənt]
investor,investor [ɪnˈves.tər]
svoboda,liberty [ˈlɪb.ə.ti]
fotografie,photograph [ˈfəʊ.tə.ɡrɑːf]
pokrokový,progressive [prəˈɡres.ɪv]
trest,punishment [ˈpʌn.ɪʃ.mənt]
shromáždění,rally [ˈræl.i]
rychle,rapidly [ˈræp.ɪd.li]
zastoupení,representation [ˌrep.rɪ.zenˈteɪ.ʃən]
součet,sum [sʌm]
houpat (se),swing [swɪŋ]
ocas,tail [teɪl]
dvojče,twin [twɪn]
nadcházející,upcoming [ˈʌpˌkʌm.ɪŋ]
veterán,veteran [ˈvet.ər.ən]
ostražitý,alert [əˈlɜːt]
aréna,arena [əˈriː.nə]
(policejní) obušek,billy [ˈbɪl.i]
rozmach,boom [buːm]
bota (vysoká),boot [buːt]
statečný,brave [breɪv]
sloupec,column [ˈkɒl.əm]
odškodnění,compensation [ˌkɒm.penˈseɪ.ʃən]
složení (ze složek),composition [ˌkɒm.pəˈzɪʃ.ən]
přechod,crossing [ˈkrɒs.ɪŋ]
hustota,density [ˈden.sɪ.ti]
obtížnost,difficulty [ˈdɪf.ɪ.kəl.ti]
základní,elementary [ˌel.ɪˈmen.tər.i]
etnický,ethnic [ˈeθ.nɪk]
výdaj,expense [ɪkˈspens]
flotila,fleet [fliːt]
pěstounský,foster [ˈfɒs.tər]
základní,fundamental [ˌfʌn.dəˈmen.təl]
génius,genius [ˈdʒiː.ni.əs]
velice,greatly [ˈɡreɪt.li]
(odborné) vedení,guidance [ˈɡaɪ.dəns]
infekce,infection [ɪnˈfek.ʃən]
úmysl,intention [ɪnˈten.ʃən]
koleno,knee [niː]
mechanický,mechanical [məˈkæn.ɪ.kəl]
účast,participation [pɑːˌtɪs.ɪˈpeɪ.ʃən]
drahocenný,precious [ˈpreʃ.əs]
těhotenství,pregnancy [ˈpreɡ.nən.si]
předstírat,pretend [prɪˈtend]
kněz,priest [priːst]
význačný,prominent [ˈprɒm.ɪ.nənt]
radikální,radical [ˈræd.ɪ.kəl]
obytný,residential [ˌrez.ɪˈden.ʃəl]
odměna,reward [rɪˈwɔːd]
červenka,robin [ˈrɒb.ɪn]
satelit,satellite [ˈsæt.əl.aɪt]
(za)třást,shake [ʃeɪk]
břeh,shore [ʃɔːr]
značný,substantial [səbˈstæn.ʃəl]
přenos,transmission [trænzˈmɪʃ.ən]
past,trap [træp]
uniforma,uniform [ˈjuː.nɪ.fɔːm]
divoká příroda/zvěř,wildlife [ˈwaɪld.laɪf]
dřevěný,wooden [ˈwʊd.ən]
agresivní,aggressive [əˈɡres.ɪv]
zdánlivý,apparent [əˈpær.ənt]
rána (zvuk),bang [bæŋ]
(silný) výbuch,blast [blɑːst]
komunista,communist [ˈkɒm.jə.nɪst]
stížnost,complaint [kəmˈpleɪnt]
odvaha,courage [ˈkʌr.ɪdʒ]
lék,cure [kjʊər]
zoufalý,desperate [ˈdes.pər.ət]
rozmanitost,diversity [daɪˈvɜː.sə.ti]
předvečer (události),eve [iːv]
fakulta,faculty [ˈfæk.əl.ti]
zpětná vazba,feedback [ˈfiːd.bæk]
bojovník,fighter [ˈfaɪ.tər]
inovace,innovation [ˌɪn.əˈveɪ.ʃən]
nástroj,instrument [ˈɪn.strə.mənt]
investovat,invest [ɪnˈvest]
sako,jacket [ˈdʒæk.ɪt]
zákonodárný,legislative [ˈledʒ.ɪ.slə.tɪv]
ošetřovatelský,nursing [ˈnɜː.sɪŋ]
obsadit,occupy [ˈɒk.jə.paɪ]
probíhající,ongoing [ˈɒŋˌɡəʊ.ɪŋ]
operátor,operator [ˈɒp.ər.eɪ.tər]
bolestivý,painful [ˈpeɪn.fəl]
příprava,preparation [ˌprep.ərˈeɪ.ʃən]
praštit (pěstí),punch [pʌntʃ]
fialová,purple [ˈpɜː.pəl]
železniční trať,railroad [ˈreɪl.rəʊd]
registrace,registration [ˌredʒ.ɪˈstreɪ.ʃən]
románek,romance [rəʊˈmæns]
podrobit se,submit [səbˈmɪt]
dostatečný,sufficient [səˈfɪʃ.ənt]
pozastavit,suspend [səˈspend]
tkáň,tissue [ˈtɪʃ.uː]
přívěs,trailer [ˈtreɪ.lər]
v podzemí,underground [ˌʌn.dəˈɡraʊnd]
"proti (zápas, proces)",versus [ˈvɜː.səs]
virtuální,virtual [ˈvɜː.tʃu.əl]
zranit (zbraní ap.),wound [wuːnd]
oznámení,announcement [əˈnaʊns.mənt]
zařídit,arrange [əˈreɪndʒ]
arzenál,arsenal [ˈɑː.sən.əl]
přitahovat,attract [əˈtrækt]
biologický,biological [ˌbaɪ.əˈlɒdʒ.ɪ.kəl]
kousnout,bite [baɪt]
čip,chip [tʃɪp]
odvážit se,dare [deər]
diskriminace,discrimination [dɪˌskrɪm.ɪˈneɪ.ʃən]
porucha (zdravotní ap.),disorder [dɪˈsɔː.dər]
rozesílat,distribute [dɪˈstrɪb.juːt]
dokument,documentary [ˌdɒk.jəˈmen.tər.i]
doména,domain [dəˈmeɪn]
dynamický,dynamic [daɪˈnæm.ɪk]
provést korektury (textu),edit [ˈed.ɪt]
zasnoubení,engagement [ɪnˈɡeɪdʒ.mənt]
(pro)zkoumat,explore [ɪkˈsplɔːr]
(filmový) záznam,footage [ˈfʊt.ɪdʒ]
hrob,grave [ɡreɪv]
zavedení,implementation [ˌɪm.plɪ.menˈteɪ.ʃən]
vyšetřovat,investigate [ɪnˈves.tɪ.ɡeɪt]
laboratoř,laboratory [ləˈbɒr.ə.tər.i]
literární,literary [ˈlɪt.ər.ər.i]
maska,mask [mɑːsk]
klavír,piano [piˈæn.əʊ]
(po)chválit,praise [preɪz]
prezentace,presentation [ˌprez.ənˈteɪ.ʃən]
psychologie,psychology [saɪˈkɒl.ə.dʒi]
omezení,restriction [rɪˈstrɪk.ʃən]
raketa,rocket [ˈrɒk.ɪt]
zřícenina,ruin [ˈruː.ɪn]
otrok,slave [sleɪv]
stabilita,stability [stəˈbɪl.ə.ti]
stabilní,steady [ˈsted.i]
symbol,symbol [ˈsɪm.bəl]
terminál,terminal [ˈtɜː.mɪ.nəl]
toaleta,toilet [ˈtɔɪ.lət]
smlouva,treaty [ˈtriː.ti]
trojitý,triple [ˈtrɪp.əl]
nepravděpodobný,unlikely [ʌnˈlaɪ.kli]
program schůze,agenda [əˈdʒen.də]
netopýr,bat [bæt]
luk,bow [baʊ]
kalendář,calendar [ˈkæl.ən.dər]
kolektivní,collective [kəˈlek.tɪv]
řemeslo,craft [krɑːft]
tma,darkness [ˈdɑːk.nəs]
ďábel,devil [ˈdev.əl]
umožnit,enable [ɪˈneɪ.bəl]
vlastní kapitál,equity [ˈek.wɪ.ti]
jmění,fortune [ˈfɔː.tʃuːn]
železářské zboží,hardware [ˈhɑːd.weər]
intelektuální,intellectual [ˌɪn.təlˈek.tʃu.əl]
částečně,partly [ˈpɑːt.li]
petice,petition [pəˈtɪʃ.ən]
fráze,phrase [freɪz]
fyzicky,physically [ˈfɪz.ɪ.kəl.i]
rasový,racial [ˈreɪ.ʃəl]
režim,regime [reɪˈʒiːm]
omáčka,sauce [sɔːs]
pečeť,seal [siːl]
(ochranný) štít,shield [ʃiːld]
podobně,similarly [ˈsɪm.ɪ.lə.li]
klouzat (se),slide [slaɪd]
stonek,stem [stem]
summit,summit [ˈsʌm.ɪt]
hrdlo,throat [θrəʊt]
tygr,tiger [ˈtaɪ.ɡər]
hračka,toy [tɔɪ]
bojovník,warrior [ˈwɒr.i.ər]
mimozemšťan,alien [ˈeɪ.li.ən]
trapný,awkward [ˈɔː.kwəd]
bestie,beast [biːst]
hovězí,beef [biːf]
sladkost(i),candy [ˈkæn.di]
dopravce,carrier [ˈkær.i.ər]
oslava,celebration [ˌsel.əˈbreɪ.ʃən]
celebrita,celebrity [səˈleb.rə.ti]
osvědčení,certificate [səˈtɪf.ɪ.kət]
(o)citovat,cite [saɪt]
jíl,clay [kleɪ]
trenér,coaching [ˈkəʊ.tʃɪŋ]
kolega,colleague [ˈkɒl.iːɡ]
postavit,construct [kənˈstrʌkt]
předem nastavený,default [dɪˈfɒlt]
odvodit,derive [dɪˈraɪv]
dialog,dialogue [ˈdaɪ.ə.lɒɡ]
zneškodnit,disable [dɪˈseɪ.bəl]
zřetelný,distinct [dɪˈstɪŋkt]
vláčet (po zemi),drag [dræɡ]
vzdělávat,educate [ˈedʒ.u.keɪt]
způsobilý,eligible [ˈel.ɪ.dʒə.bəl]
poprava,execution [ˌek.sɪˈkjuː.ʃən]
stoupenec,follower [ˈfɒl.əʊ.ər]
blázen,fool [fuːl]
rámec,framework [ˈfreɪm.wɜːk]
licence (k provozování pobočky),franchise [ˈfræn.tʃaɪz]
nábytek,furniture [ˈfɜː.nɪ.tʃər]
začlenit (se),integrate [ˈɪn.tɪ.ɡreɪt]
inteligentní,intelligent [ɪnˈtel.ɪ.dʒənt]
interakce,interaction [ˌɪn.təˈræk.ʃən]
tryska,jet [dʒet]
osvětlení,lighting [ˈlaɪ.tɪŋ]
smyčka,loop [luːp]
nákupní centrum,mall [mɔːl]
zámořský,overseas [ˌəʊ.vəˈsiːz]
naleštit,polish [ˈpɒl.ɪʃ]
doporučení,recommendation [ˌrek.ə.menˈdeɪ.ʃən]
zotavit se,recover [rɪˈkʌv.ər]
relaxovat,relax [rɪˈlæks]
spolehlivý,reliable [rɪˈlaɪ.ə.bəl]
spoléhat (se),rely [rɪˈlaɪ]
pozoruhodný,remarkable [rɪˈmɑː.kə.bəl]
obětovat,sacrifice [ˈsæk.rɪ.faɪs]
chodidlo,sole [səʊl]
uspět,succeed [səkˈsiːd]
příběh,tale [teɪl]
dobrovolník,volunteer [ˌvɒl.ənˈtɪər]
uctívat,worship [ˈwɜː.ʃɪp]
vážený (form.),worthy [ˈwɜː.ði]
poplach,alarm [əˈlɑːm]
dýchání,breathing [ˈbriː.ðɪŋ]
zadek,butt [bʌt]
charakteristika,characteristic [ˌkær.ək.təˈrɪs.tɪk]
spolupráce,collaboration [kəˌlæb.əˈreɪ.ʃən]
zvážení,consideration [kənˌsɪd.əˈreɪ.ʃən]
klíčový,crucial [ˈkruː.ʃəl]
závislý (odkázaný),dependent [dɪˈpen.dənt]
dvojí,dual [ˈdʒuː.əl]
vybavit,equip [ɪˈkwɪp]
experimentální,experimental [ɪkˌsper.ɪˈmen.təl]
krmení,feeding [ˈfiː.dɪŋ]
(pře)filtrovat,filter [ˈfɪl.tər]
galaxie,galaxy [ˈɡæl.ək.si]
zeměkoule,globe [ɡləʊb]
záliv,gulf [ɡʌlf]
zvýraznit,highlight [ˈhaɪ.laɪt]
úmysl,intent [ɪnˈtent]
rozsudek,judgment [ˈdʒʌdʒ.mənt]
rytíř,knight [naɪt]
dospět,mature [məˈtʃʊər]
pokojný,peaceful [ˈpiːs.fəl]
špendlík,pin [pɪn]
prevence,prevention [prɪˈven.ʃən]
tisk(nutí),printing [ˈprɪn.tɪŋ]
veřejně,publicly [ˈpʌb.lɪ.kli]
čerpadlo,pump [pʌmp]
pomsta,revenge [rɪˈvendʒ]
uspokojit,satisfy [ˈsæt.ɪs.faɪ]
uklouznout,slip [slɪp]
náhradní,spare [speər]
specialista,specialist [ˈspeʃ.əl.ɪst]
překvapivý,surprising [səˈpraɪ.zɪŋ]
kohoutek,tap [tæp]
turistika,tourism [ˈtʊə.rɪ.zəm]
přijatelný,acceptable [əkˈsept.ə.bəl]
spojenec,ally [ˈæl.aɪ]
dražba,auction [ˈɔːk.ʃən]
chaos,chaos [ˈkeɪ.ɒs]
skládat (hudbu ap.),compose [kəmˈpəʊz]
soustředění,concentration [ˌkɒn.sənˈtreɪ.ʃən]
měď,copper [ˈkɒp.ər]
speciální jednotky,corps [kɔːr]
počítání,counting [kaʊnt]
svítání,dawn [dɔːn]
spor,dispute [dɪˈspjuːt]
popravit,execute [ˈek.sɪ.kjuːt]
častý,frequent [ˈfriː.kwənt]
"okraj (kraj předmětu, hrana ap.)",margin [ˈmɑː.dʒɪn]
mechanismus,mechanism [ˈmek.ə.nɪ.zəm]
umírněný,moderate [ˈmɒd.ər.ət]
opera,opera [ˈɒp.ər.ə]
překonat,overcome [ˌəʊ.vəˈkʌm]
paralela,parallel [ˈpær.ə.lel]
pasáž,passage [ˈpæs.ɪdʒ]
jáma,pit [pɪt]
psychický,psychological [ˌsaɪ.kəlˈɒdʒ.ɪ.kəl]
hledání (kniž.),quest [kwest]
záření,radiation [ˌreɪ.diˈeɪ.ʃən]
mrtvice,stroke [strəʊk]
omračující (událost),stunning [ˈstʌn.ɪŋ]
melodie,tune [tʃuːn]
užitečnost,utility [juːˈtɪl.ə.ti]
plavidlo,vessel [ˈves.əl]
plevel,weed [wiːd]
kdekoli,wherever [weəˈrev.ər]
akvizice,acquisition [ˌæk.wɪˈzɪʃ.ən]
podzim,autumn [ˈɔː.təm]
odvážný,bold [bəʊld]
dýchat,breathe [briːð]
klasický,classical [ˈklæs.ɪ.kəl]
sponka,clip [klɪp]
mince,coin [kɔɪn]
spiknutí,conspiracy [kənˈspɪr.ə.si]
kontroverze,controversy [ˈkɒn.trə.vɜː.si]
bednář,cooper [ˈkuː.pər]
zmizet,disappear [ˌdɪs.əˈpɪər]
setkání (náhodné potkání),encounter [ɪnˈkaʊn.tər]
rovnost,equality [iˈkwɒl.ə.ti]
zkouška,exam [ɪɡˈzæm]
zkouška,examination [ɪɡˌzæm.ɪˈneɪ.ʃən]
federace,federation [ˌfed.ərˈeɪ.ʃən]
fiskální,fiscal [ˈfɪs.kəl]
strážce,guardian [ˈɡɑː.di.ən]
bez domova,homeless [ˈhəʊm.ləs]
intervence,intervention [ˌɪn.təˈven.ʃən]
milenec,lover [ˈlʌv.ər]
menu,menu [ˈmen.juː]
vzájemný,mutual [ˈmjuː.tʃu.əl]
přestupek,offense [əˈfens]
ústní,oral [ˈɔː.rəl]
panika,panic [ˈpæn.ɪk]
roztrhnout (se),rip [rɪp]
segment,segment [ˈseɡ.mənt]
spektrum,spectrum [ˈspek.trəm]
hrůza,terror [ˈter.ər]
obchodní spekulace,venture [ˈven.tʃər]
uspořádání,arrangement [əˈreɪndʒ.mənt]
"hranice (rozhraní, předěl)",boundary [ˈbaʊn.dər.i]
cihla,brick [brɪk]
značný,considerable [kənˈsɪd.ər.ə.bəl]
konvenční,conventional [kənˈven.ʃən.əl]
vyhradit (vyčlenit),designate [ˈdez.ɪɡ.neɪt]
císař,emperor [ˈem.pər.ər]
zaměstnavatel,employer [ɪmˈplɔɪ.ər]
obrovský,enormous [ɪˈnɔː.məs]
odpustit,forgive [fəˈɡɪv]
garáž,garage [ˈɡær.ɑːʒ]
shromáždění,gathering [ˈɡæð.ər.ɪŋ]
směrnice,guideline [ˈɡaɪd.laɪn]
otázka (form.),inquiry [ɪnˈkwaɪə.ri]
inspektor,inspector [ɪnˈspek.tər]
lev,lion [ˈlaɪ.ən]
osamělý,lonely [ˈləʊn.li]
slitování,mercy [ˈmɜː.si]
nicméně,nevertheless [ˌnev.ə.ðəˈles]
"zevní (stěny, vrstva ap.)",outer [ˈaʊ.tər]
kyslík,oxygen [ˈɒk.sɪ.dʒən]
trubka,pipe [paɪp]
báseň,poem [ˈpəʊ.ɪm]
prášek (rozmělněná hmota),powder [ˈpaʊ.dər]
rasismus,racism [ˈreɪ.sɪ.zəm]
sprostý,rude [ruːd]
šroub,screw [skruː]
přístřeší,shelter [ˈʃel.tər]
podpis,signature [ˈsɪɡ.nə.tʃər]
pavouk,spider [ˈspaɪ.dər]
projev úcty,tribute [ˈtrɪb.juːt]
spoušť,trigger [ˈtrɪɡ.ər]
lišit se,vary [ˈveə.ri]
místo konání,venue [ˈven.juː]
interrupce,abortion [əˈbɔː.ʃən]
přesnost,accuracy [ˈæk.jə.rə.si]
umělý,artificial [ˌɑː.tɪˈfɪʃ.əl]
důsledně,consistently [kənˈsɪs.tənt.li]
přeměna (jedné látky v jinou ap.),conversion [kənˈvɜː.ʃən]
autorské právo,copyright [ˈkɒp.i.raɪt]
demokrat,democrat [ˈdem.ə.kræt]
vklad,deposit [dɪˈpɒz.ɪt]
destination,destination [ˌdes.tɪˈneɪ.ʃən]
špína,dirt [dɜːt]
rozmanitý,diverse [daɪˈvɜːs]
božský,divine [dɪˈvaɪn]
výhradně,exclusively [ɪksˈkluː.sɪv.li]
vyvážet,export [ɪkˈspɔːt]
dříve (původně),formerly [ˈfɔː.mə.li]
funkční,functional [ˈfʌŋk.ʃən.əl]
dědeček,grandfather [ˈɡræn.fɑː.ðər]
zvyk,habit [ˈhæb.ɪt]
žárlivý,jealous [ˈdʒel.əs]
líný,lazy [ˈleɪ.zi]
pozměnit,modify [ˈmɒd.ɪ.faɪ]
obecní,municipal [mjuːˈnɪs.ɪ.pəl]
námořní,naval [ˈneɪ.vəl]
soused,neighbor [ˈneɪ·bər]
neutrální,neutral [ˈnjuː.trəl]
urozený,noble [ˈnəʊ.bəl]
(po)plácat,pat [pæt]
popularita,popularity [ˌpɒp.jəˈlær.ə.ti]
robot,robot [ˈrəʊ.bɒt]
posvátný,sacred [ˈseɪ.krɪd]
špión,spy [spaɪ]
návrh (nabídnutí možnosti),suggestion [səˈdʒes.tʃən]
pozastavení,suspension [səˈspen.ʃən]
terorismus,terrorism [ˈter.ər.ɪ.zəm]
jedovatý,toxic [ˈtɒk.sɪk]
pokladnice,treasury [ˈtreʒ.ər.i]
tunel,tunnel [ˈtʌn.əl]
modernizace,upgrade [ʌpˈɡreɪd]
aktivně,actively [ˈæk.tɪv.li]
pekař,baker [ˈbeɪ.kər]
(po)žehnat,bless [bles]
kartáček,brush [brʌʃ]
břemeno,burden [ˈbɜː.dən]
nenucený,casual [ˈkæʒ.ju.əl]
potvrdit (úředně ap.),certify [ˈsɜː.tɪ.faɪ]
civil(ista),civilian [sɪˈvɪl.jən]
koalice,coalition [kəʊ.əˈlɪʃ.ən]
kohout,cock [kɒk]
stěžovat si,complain [kəmˈpleɪn]
kontroverzní,controversial [ˌkɒn.trəˈvɜː.ʃəl]
různě,differently [ˈdɪf.ər.ənt.li]
kázeň,discipline [ˈdɪs.ə.plɪn]
odporný,disgusting [dɪsˈɡʌs.tɪŋ]
dominantní,dominant [ˈdɒm.ɪ.nənt]
slohová práce,essay [ˈes.eɪ]
navíc,furthermore [ˌfɜː.ðəˈmɔːr]
názorný (výklad ap.),graphic [ˈɡræf.ɪk]
hojení,healing [ˈhiː.lɪŋ]
(z)realizovat,implement [ˈɪm.plɪ.ment]
okamžitě,instantly [ˈɪn.stənt.li]
invaze,invasion [ɪnˈveɪ.ʒən]
legendární,legendary [ˈledʒ.ən.dri]
výrobce,maker [ˈmeɪ.kər]
venkovní,outdoor [ˈaʊtˌdɔːr]
dlaň,palm [pɑːm]
tyč(ka),pole [pəʊl]
hospoda,pub [pʌb]
správce parku,ranger [ˈreɪn.dʒər]
recepce,reception [rɪˈsep.ʃən]
recept (kuchařský) ,recipe [ˈres.ɪ.pi]
regulační,regulatory [ˌreɡ.jəˈleɪ.tər.i]
pryž,rubber [ˈrʌb.ər]
seriál,serial [ˈsɪə.ri.əl]
had,snake [sneɪk]
sponzor,sponsor [ˈspɒn.sər]
přísný,strict [strɪkt]
následně,subsequently [ˈsʌb.sɪ.kwənt.li]
látka,substance [ˈsʌb.stəns]
syndrom,syndrome [ˈsɪn.drəʊm]
nečekaný,unexpected [ˌʌn.ɪkˈspek.tɪd]
(míra) používání,usage [ˈjuː.sɪdʒ]
náhodně,accidentally [ˌæk.sɪˈden.təl.i]
cenově dostupné,affordable [əˈfɔː.də.bəl]
amatér,amateur [ˈæm.ə.tər]
zásobník (skladovací nádoba),bin [bɪn]
biologie,biology [baɪˈɒl.ə.dʒi]
krátce (po krátkou dobu),briefly [ˈbriːf.li]
kanál,canal [kəˈnæl]
zrušit,cancel [ˈkæn.səl]
výstup (zdola nahoru),climb [klaɪm]
dokončení,completion [kəmˈpliː.ʃən]
výletní plavba,cruise [kruːz]
(názorně) předvést,demonstrate [ˈdem.ən.streɪt]
odjezd (opuštění místa),departure [dɪˈpɑː.tʃər]
vývojář(ka),developer [dɪˈvel.ə.pər]
(vy)kopat,dig [dɪɡ]
orel,eagle [ˈiː.ɡəl]
výbuch,explosion [ɪkˈspləʊ.ʒən]
horečka,fever [ˈfiː.vər]
tekutina,fluid [ˈfluː.ɪd]
hezký,handsome [ˈhæn.səm]
představivost,imagination [ɪˌmædʒ.ɪˈneɪ.ʃən]
integrace,integration [ˌɪn.tɪˈɡreɪ.ʃən]
morální zásadovost,integrity [ɪnˈteɡ.rə.ti]
výklad,interpretation [ɪnˌtɜː.prəˈteɪ.ʃən]
list,leaf [liːf]
legitimní,legitimate [ləˈdʒɪt.ə.mət]
blesk(y),lightning [ˈlaɪt.nɪŋ]
kouzelný,magical [ˈmædʒ.ɪ.kəl]
motivace,motivation [ˌməʊ.tɪˈveɪ.ʃən]
hnusný,nasty [ˈnɑː.sti]
vybavit,outfit [ˈaʊt.fɪt]
důchod,pension [ˈpen.ʃən]
povolení (úřední a jiný souhlas),permit [pəˈmɪt]
příjemný,pleasant [ˈplez.ənt]
portrét,portrait [ˈpɔː.trət]
produktivní,productive [prəˈdʌk.tɪv]
bezpečně,safely [ˈseɪf.li]
drobný (postavou),slight [slaɪt]
socialistický,socialist [ˈsəʊ.ʃəl.ɪst]
streamování,streaming [ˈstriː.mɪŋ]
(za)žalovat,sue [suː]
napětí,tension [ˈten.ʃən]
dojemný,touching [ˈtʌtʃ.ɪŋ]
transakce,transaction [trænˈzæk.ʃən]
(z)kroutit,twist [twɪst]
nezaměstnanost,unemployment [ˌʌn.ɪmˈplɔɪ.mənt]
jednota,unity [ˈjuː.nə.ti]
zbytečný,useless [ˈjuːs.ləs]
divák,viewer [ˈvjuː.ər]
obhájce,advocate [ˈæd.və.keɪt]
oblouk,arc [ɑːk]
záloha (dat),backup [ˈbæk.ʌp]
hořký,bitter [ˈbɪt.ər]
chytrý,clever [ˈklev.ər]
klinika,clinic [ˈklɪn.ɪk]
nepřetržitý,continuous [kənˈtɪn.ju.əs]
konvertovat,convert [kənˈvɜːt]
správně,correctly [kəˈrekt.li]
tvůrce,creator [kriˈeɪ.tər]
stvoření,creature [ˈkriː.tʃər]
postižení,disability [ˌdɪs.əˈbɪl.ə.ti]
(mělká) mísa,dish [dɪʃ]
kachna,duck [dʌk]
ohodnocení,evaluation [ɪˌvæl.juˈeɪ.ʃən]
nadbytek,excess [ɪkˈses]
zemědělství,farming [ˈfɑː.mɪŋ]
plot,fence [fens]
postupně,gradually [ˈɡrædʒ.u.ə.li]
gravitace,gravity [ˈɡræv.ə.ti]
držák,holder [ˈhəʊl.dər]
kapuce,hood [hʊd]
identický,identical [aɪˈden.tɪ.kəl]
císařský,imperial [ɪmˈpɪə.ri.əl]
právně,legally [ˈliː.ɡəl.i]
metr,meter [ˈmiː.tər]
hřebík,nail [neɪl]
jednání,negotiation [nəˌɡəʊ.ʃiˈeɪ.ʃən]
nesmysl,nonsense [ˈnɒn.səns]
akceschopný,operational [ˌɒp.ərˈeɪ.ʃən.əl]
básník,poet [ˈpəʊ.ɪt]
opakovaně,repeatedly [rɪˈpiː.tɪd.li]
dřez,sink [sɪŋk]
vynechat (přeskočit),skip [skɪp]
otroctví,slavery [ˈsleɪ.vər.i]
lusknout (prsty),snap [snæp]
plavat,swim [swɪm]
švýcarský,swiss [swɪs]
transformace,transformation [ˌtræns.fəˈmeɪ.ʃən]
zranitelné,vulnerable [ˈvʌl.nər.ə.bəl]
bohatý,wealthy [ˈwel.θi]
navíc,additionally [əˈdɪʃ.ən.əl.i]
bronz,bronze [brɒnz]
brouk (hovor.),bug [bʌɡ]
jeskyně,cave [keɪv]
chronický,chronic [ˈkrɒn.ɪk]
komunikovat,communicate [kəˈmjuː.nɪ.keɪt]
usvědčit,convict [kənˈvɪkt]
diagnóza,diagnosis [ˌdaɪ.əɡˈnəʊ.sɪs]
propustit (ze zaměstnání ap.),dismiss [dɪˈsmɪs]
dávka,dose [dəʊs]
"maso (živé, část těla)",flesh [fleʃ]
cvrnknout,flip [flɪp]
štědrý,generous [ˈdʒen.ər.əs]
loajální,loyal [ˈlɔɪ.əl]
marihuana,marijuana [ˌmær.əˈwɑː.nə]
okupace,occupation [ˌɒk.jəˈpeɪ.ʃən]
oponent,opponent [əˈpəʊ.nənt]
malba,painting [ˈpeɪn.tɪŋ]
záplata,patch [pætʃ]
trpělivost,patience [ˈpeɪ.ʃəns]
znečištění,pollution [pəˈluː.ʃən]
přesně,precisely [prɪˈsaɪs.li]
vězeň,prisoner [ˈprɪz.ən.ər]
výsada,privilege [ˈprɪv.əl.ɪdʒ]
punk,punk [pʌŋk]
radar,radar [ˈreɪ.dɑːr]
vzdorovat,resist [rɪˈzɪst]
výhradně,solely [ˈsəʊl.li]
turista,tourist [ˈtʊə.rɪst]
tranzit,transit [ˈtræn.zɪt]
vila,villa [ˈvɪl.ə]
bezdrátový,wireless [ˈwaɪə.ləs]
(za)balit,wrap [ræp]
jóga,yoga [ˈjəʊ.ɡə]
bakterie,bacteria [bækˈtɪə.ri.ə]
vedle (těsně u něčeho),beside [bɪˈsaɪd]
čepel,blade [bleɪd]
dolar,buck [bʌk]
(velký) objem,bulk [bʌlk]
náklad,cargo [ˈkɑː.ɡəʊ]
sčítání lidu,census [ˈsen.səs]
pobřežní,coastal [ˈkəʊ.stəl]
komentář,commentary [ˈkɒm.ən.tər.i]
zmatek,confusion [kənˈfjuː.ʒən]
kongresový,congressional [kəŋˈɡreʃ.ən.əl]
kukuřice,corn [kɔːn]
obchodník,dealer [ˈdiː.lər]
považovat,deem [diːm]
osud,destiny [ˈdes.tɪ.ni]
vzdálený,distant [ˈdɪs.tənt]
vynořit se,emerge [ɪˈmɜːdʒ]
důraz,emphasis [ˈem.fə.sɪs]
etika,ethic [ˈeθ.ɪk]
vzrušení,excitement [ɪkˈsaɪt.mənt]
průzkum,exploration [ˌek.spləˈreɪ.ʃən]
humor,humor [ˈhjuː.mər]
vhled,insight [ˈɪn.saɪt]
nerv,nerve [nɜːv]
noční můra,nightmare [ˈnaɪt.meər]
přes noc,overnight [ˌəʊ.vəˈnaɪt]
plakát,poster [ˈpəʊ.stər]
prakticky,practically [ˈpræk.tɪ.kəl.i]
zachovat,preserve [prɪˈzɜːv]
razie,raid [reɪd]
beran,ram [ræm]
příslušný,respective [rɪˈspek.tɪv]
omezit,restrict [rɪˈstrɪkt]
písečný,sandy [ˈsæn.dɪ]
scénář,scenario [sɪˈnɑː.ri.əʊ]
ovce,sheep [ʃiːp]
umístit,situate [ˈsɪtʃ.u.eɪt]
(trvale)/(dlouhodobě) udržitelný ,sustainable [səˈsteɪ.nə.bəl]
taxi,taxi [ˈtæk.si]
tabák,tobacco [təˈbæk.əʊ]
stopa,trace [treɪs]
nepohodlný,uncomfortable [ʌnˈkʌmf.tə.bəl]
slabost,weakness [ˈwiːk.nəs]
(velmi) rozšířený,widespread [ˌwaɪdˈspred]
přístupný,accessible [əkˈses.ə.bəl]
uznat (fakt ap.),acknowledge [əkˈnɒl.ɪdʒ]
poradit,advise [ədˈvaɪz]
veřejné varování,advisory [ədˈvaɪ.zər.i]
animace,animation [ˌæn.ɪˈmeɪ.ʃən]
"úkol (oficiálně zadaný, formální)",assignment [əˈsaɪn.mənt]
vyvážený,balanced [ˈbæl.ənst]
holý,bare [beər]
suterén,basement [ˈbeɪs.mənt]
zaujatost,bias [ˈbaɪ.əs]
koberec,carpet [ˈkɑː.pɪt]
strop,ceiling [ˈsiː.lɪŋ]
třešeň,cherry [ˈtʃer.i]
chladno,chill [tʃɪl]
klasifikace,classification [ˌklæs.ɪ.fɪˈkeɪ.ʃən]
vodítko (k řešení),clue [kluː]
zřícení,collapse [kəˈlæps]
složený (z více částí),compound [ˈkɒm.paʊnd]
vědom(ý) (si),conscious [ˈkɒn.ʃəs]
po sobě jdoucí,consecutive [kənˈsek.jə.tɪv]
kostým,costume [ˈkɒs.tʃuːm]
oddaný,devoted [dɪˈvəʊ.tɪd]
ovládnout (získat převahu),dominate [ˈdɒm.ɪ.neɪt]
hrabě,earl [ɜːl]
nekonečný,endless [ˈend.ləs]
prozkoumat,examine [ɪɡˈzæm.ɪn]
nést se (zvolna se pohybovat),float [fləʊt]
odpad(ky),garbage [ˈɡɑː.bɪdʒ]
evangelium,gospel [ˈɡɒs.pəl]
zrn(k)o,grain [ɡreɪn]
identifikace,identification [aɪˌden.tɪ.fɪˈkeɪ.ʃən]
kolo (závodu ap.),lap [læp]
játra,liver [ˈlɪv.ər]
metropolitní,metropolitan [ˌmet.rəˈpɒl.ɪ.tən]
směs,mixture [ˈmɪks.tʃər]
nominovat,nominate [ˈnɒm.ɪ.neɪt]
dub,oak [əʊk]
parlamentní,parliamentary [ˌpɑː.lɪˈmen.tər.i]
patent,patent [ˈpeɪ.tənt]
lékař (form.),physician [fɪˈzɪʃ.ən]
(soudní) řízení,proceeding [prəˈsiːd]
žák(yně),pupil [ˈpjuː.pəl]
obnovit,restore [rɪˈstɔːr]
puška,rifle [ˈraɪ.fəl]
soupeř,rival [ˈraɪ.vəl]
běžec,runner [ˈrʌn.ər]
smutně,sadly [ˈsæd.li]
význam,significance [sɪɡˈnɪf.ɪ.kəns]
mýdlo,soap [səʊp]
sprej,spray [spreɪ]
strukturální,structural [ˈstrʌk.tʃər.əl]
apartmá (vícepokojové),suite [swiːt]
tropický,tropical [ˈtrɒp.ɪ.kəl]
nepotřebný,unnecessary [ʌnˈnes.ə.ser.i]
verš,verse [vɜːs]
vítěz (kniž),victor [ˈvɪk.tər]
vinobraní,vintage [ˈvɪn.tɪdʒ]
varovat,warn [wɔːn]
akr,acre [ˈeɪ.kər]
přizpůsobit se,adapt [əˈdæpt]
přijetí,adoption [əˈdɒp.ʃən]
anonymní,anonymous [əˈnɒn.ɪ.məs]
umělecký,artistic [ɑːˈtɪs.tɪk]
účast,attendance [əˈten.dəns]
letectví,aviation [ˌeɪ.viˈeɪ.ʃən]
sud,barrel [ˈbær.əl]
box,boxing [ˈbɒk.sɪŋ]
sklíčidlo,chuck [tʃʌk]
kino,cinema [ˈsɪn.ə.mɑː]
koloniální,colonial [kəˈləʊ.ni.əl]
vyhovění,compliance [kəmˈplaɪ.əns]
protikladný,contrary [ˈkɒn.trə.ri]
pohovka,couch [kaʊtʃ]
(roz)drtit,crush [krʌʃ]
přehrada,dam [dæm]
pokles,decrease [dɪˈkriːs]
žánr,genre [ˈʒɑ̃ː.rə]
jemný,gentle [ˈdʒen.təl]
gramatika,grammar [ˈɡræm.ər]
ilustrovat,illustrate [ˈɪl.ə.streɪt]
vynalézt,invent [ɪnˈvent]
pronájem (právní ujednání),lease [liːs]
čočka,lens [lenz]
loajalita,loyalty [ˈlɔɪ.əl.ti]
magnetický,magnetic [mæɡˈnet.ɪk]
tajemný,mysterious [mɪˈstɪə.ri.əs]
"představa (názor, mínění)",notion [ˈnəʊ.ʃən]
částečný,partial [ˈpɑː.ʃəl]
krysa,rat [ræt]
odraz,reflection [rɪˈflek.ʃən]
usnést se (form),resolve [rɪˈzɒlv]
revoluční,revolutionary [ˌrev.əˈluː.ʃən.ər.i]
skandál,scandal [ˈskæn.dəl]
svítit,shine [ʃaɪn]
zároveň,simultaneously [ˌsɪm.əlˈteɪ.ni.əs.li]
nahradit,substitute [ˈsʌb.stɪ.tʃuːt]
dohled (dozor),surveillance [səˈveɪ.ləns]
taktika,tactic [ˈtæk.tɪk]
svědectví (u soudu),testimony [ˈtes.tɪ.mən.i]
poklad,treasure [ˈtreʒ.ər]
trofej,trophy [ˈtrəʊ.fi]
být základem,underlie [ˌʌn.dəˈlaɪ]
nečestný,unfair [ʌnˈfeər]
přijetí,acceptance [əkˈsep.təns]
(každo)ročně,annually [ˈæn.ju.ə.li]
omluvit se,apologize [əˈpɒl.ə.dʒaɪz]
popel,ash [æʃ]
teta,aunt [ɑːnt]
bublina,bubble [ˈbʌb.əl]
kupující,buyer [ˈbaɪ.ər]
kasino,casino [kəˈsiː.nəʊ]
rada (form.),counsel [ˈkaʊn.səl]
smrtící,deadly [ˈded.li]
odhodlání,determination [dɪˌtɜː.mɪˈneɪ.ʃən]
objetí,embrace [ɪmˈbreɪs]
vystavovat,exhibit [ɪɡˈzɪb.ɪt]
gentleman,gentleman [ˈdʒen.təl.mən]
kladivo,hammer [ˈhæm.ər]
ikona,icon [ˈaɪ.kɒn]
uvalit,impose [ɪmˈpəʊz]
domorodý,indigenous [ɪnˈdɪdʒ.ɪ.nəs]
nekonečný,infinite [ˈɪn.fɪ.nət]
instalace,installation [ˌɪn.stəˈleɪ.ʃən]
pohřbít,inter [ɪnˈtɜːr]
zákonodárný,legislature [ˈledʒ.ɪ.slə.tʃʊər]
náchylnost (sklon),liability [ˌlaɪ.əˈbɪl.ə.ti]
navíc,moreover [ˌmɔːˈrəʊ.vər]
naše,ours [aʊəz]
slavnostní průvod,parade [pəˈreɪd]
ráj,paradise [ˈpær.ə.daɪs]
předběžný,preliminary [prɪˈlɪm.ɪ.nər.i]
premiéra,premiere [ˈprem.i.eər]
prezidentství,presidency [ˈprez.ɪ.dən.si]
(za)reagovat,react [riˈækt]
realistický,realistic [ˌrɪəˈlɪs.tɪk]
poznámka (ústní),remark [rɪˈmɑːk]
zapamatovat si,retain [rɪˈteɪn]
skalnatý,rocky [ˈrɒk.i]
uspokojení,satisfaction [ˌsæt.ɪsˈfæk.ʃən]
škrábanec,scratch [skrætʃ]
odstín,shade [ʃeɪd]
šerif,sheriff [ˈʃer.ɪf]
plachý,shy [ʃaɪ]
někdy,sometime [ˈsʌm.taɪm]
striktně,strictly [ˈstrɪkt.li]
sluneční záře,sunshine [ˈsʌn.ʃaɪn]
hlasitý (důrazně vyjádřený),vocal [ˈvəʊ.kəl]
plodit (úrodu ap.),yield [jiːld]
vstup (povolení vstoupit),admission [ədˈmɪʃ.ən]
také známý jako,aka [ˌeɪ.keɪˈeɪ]
slanina,bacon [ˈbeɪ.kən]
bariéra,barrier [ˈbær.i.ər]
prasknout,burst [bɜːst]
(hovězí) dobytek,cattle [ˈkæt.əl]
třída (školní místnost),classroom [ˈklɑːs.ruːm]
kompromis,compromise [ˈkɒm.prə.maɪz]
vhodný,convenient [kənˈviː.ni.ənt]
plodina,crop [krɒp]
zemětřesení,earthquake [ˈɜːθ.kweɪk]
(po)starší,elderly [ˈel.dəl.i]
odstranit,eliminate [iˈlɪm.ɪ.neɪt]
uvést do rozpaků,embarrass [ɪmˈbær.əs]
přístav,harbor [ˈhɑː.bər]
ion(t),ion [ˈaɪ.ɒn]
lék (umělé),medication [ˌmed.ɪˈkeɪ.ʃən]
portfolio,portfolio [ˌpɔːtˈfəʊ.li.əʊ]
produktivita,productivity [ˌprɒd.ʌkˈtɪv.ə.ti]
protokol,protocol [ˈprəʊ.tə.kɒl]
tiše,quietly [ˈkwaɪət.li]
promítání,screening [ˈskriː.nɪŋ]
polévka,soup [suːp]
jihovýchod,southeast [ˌsaʊθˈiːst]
kůl (zatlučený),stake [steɪk]
nápor (zátěže),strain [streɪn]
rychlý (pohyb ap.),swift [swɪft]
vyříkat si (otevřeně promluvit s),tackle [ˈtæk.əl]
mučit,torture [ˈtɔː.tʃər]
přeložit (do jiného jazyka),translate [trænzˈleɪt]
naléhavý,urgent [ˈɜː.dʒənt]
zelenina,vegetable [ˈvedʒ.tə.bəl]
svislý,vertical [ˈvɜː.tɪ.kəl]
porušení (zákona ap.),violation [ˌvaɪ.əˈleɪ.ʃən]
(pánská) peněženka,wallet [ˈwɒl.ɪt]
velština,welsh [welʃ]
dílna,workshop [ˈwɜːk.ʃɒp]
na palubě,aboard [əˈbɔːd]
abstraktní,abstract [ˈæb.strækt]
přízvuk,accent [ˈæk.sənt]
závislost,addiction [əˈdɪk.ʃən]
probudit se (kniž),awake [əˈweɪk]
trám,beam [biːm]
fazole,bean [biːn]
prázdný,blank [blæŋk]
bizon,buffalo [ˈbʌf.ə.ləʊ]
přesvědčení,conviction [kənˈvɪk.ʃən]
zkorumpovaný,corrupt [kəˈrʌpt]
kráva,cow [kaʊ]
křivka,curve [kɜːv]
deprimovaný,depressed [dɪˈprest]
zasloužený,deserved [dɪˈzɜːvd]
(doba) trvání,duration [dʒʊəˈreɪ.ʃən]
babička,grandmother [ˈɡræn.mʌð.ər]
drsný,harsh [hɑːʃ]
klakson,horn [hɔːn]
spěchat,hurry [ˈhʌr.i]
imunní,immune [ɪˈmjuːn]
inflace,inflation [ɪnˈfleɪ.ʃən]
přísada,ingredient [ɪnˈɡriː.di.ənt]
prohlídka,inspection [ɪnˈspek.ʃən]
(na)instalovat,install [ɪnˈstɔːl]
intenzita,intensity [ɪnˈten.sə.ti]
inventář,inventory [ˈɪn.vən.tər.i]
pozvání,invitation [ˌɪn.vɪˈteɪ.ʃən]
soudní,judicial [dʒuːˈdɪʃ.əl]
ospravedlnit,justify [ˈdʒʌs.tɪ.faɪ]
štíhlý,lean [liːn]
přednáška,lecture [ˈlek.tʃər]
smysluplný,meaningful [ˈmiː.nɪŋ.fəl]
migrace,migration [maɪˈɡreɪ.ʃən]
raketa (reaktivní střela),missile [ˈmɪs.aɪl]
orgán,organ [ˈɔː.ɡən]
hlídkovat,patrol [pəˈtrəʊl]
perla,pearl [pɜːl]
pepř,pepper [ˈpep.ər]
prase,pig [pɪɡ]
hromada,pile [paɪl]
ucpat,plug [plʌɡ]
poskytnutí,provision [prəˈvɪʒ.ən]
zrevidovat,revise [rɪˈvaɪz]
prut,rod [rɒd]
schod,stair [steər]
zírat,stare [steər]
statistický,statistical [stəˈtɪs.tɪ.kəl]
cizinec,stranger [ˈstreɪn.dʒər]
pot,sweat [swet]
tetování,tattoo [təˈtuː]
náctiletý,teenage [ˈtiːn.eɪdʒ]
hrom,thunder [ˈθʌn.dər]
tragédie,tragedy [ˈtrædʒ.ə.di]
trauma,trauma [ˈtrɔː.mə]
zápas(ení),wrestling [ˈres.lɪŋ]
zoo,zoo [zuː]
soulad (vyhovování požadavku),accordance [əˈkɔː.dəns]
aktivista,activist [ˈæk.tɪ.vɪst]
podobný (vzájemně),alike [əˈlaɪk]
použitelný (pro daný případ),applicable [əˈplɪk.ə.bəl]
šipka (směrovka),arrow [ˈær.əʊ]
dostupnost (k mání),availability [əˌveɪ.ləˈbɪl.ə.ti]
ohnout se (zkřivit se),bend [bend]
porušit (nedodržet),breach [briːtʃ]
kajuta,cabin [ˈkæb.ɪn]
klec (pro zvíře),cage [keɪdʒ]
povzbuzovat,cheer [tʃɪər]
skříň,closet [ˈklɒz.ɪt]
společník,companion [kəmˈpæn.jən]
uvědomění,consciousness [ˈkɒn.ʃəs.nəs]
konzultant,consultant [kənˈsʌl.tənt]
ovladač (ovládací zařízení),controller [kənˈtrəʊ.lər]
odpovídat (souhlasit),correspond [ˌkɒr.ɪˈspɒnd]
bezplatný (služba zákazníkům ap.),courtesy [ˈkɜː.tə.si]
kotouč,disc [dɪsk]
velvyslanectví,embassy [ˈem.bə.si]
fascinující,fascinating [ˈfæs.ən.eɪ.tɪŋ]
vina,guilt [ɡɪlt]
útočiště (azyl),haven [ˈheɪ.vən]
vrtulník,helicopter [ˈhel.ɪˌkɒp.tər]
domácí úkol,homework [ˈhəʊm.wɜːk]
ikonický,iconic [aɪˈkɒn.ɪk]
nakazit (nemocí),infect [ɪnˈfekt]
nadšený (zapálený),keen [kiːn]
povinný (předepsaný),mandatory [ˈmæn.də.tər.i]
(průmyslová) výroba,manufacture [ˌmæn.jəˈfæk.tʃər]
mechanik,mechanic [məˈkæn.ɪk]
pouhý (nevýznamný vzhledem k situaci),mere [mɪər]
zázrak,miracle [ˈmɪr.ə.kəl]
bláto,mud [mʌd]
pozorování,observation [ˌɒb.zəˈveɪ.ʃən]
dlužit,owe [əʊ]
jev,phenomenon [fəˈnɒm.ɪ.nən]
přesný,precise [prɪˈsaɪs]
povolání (obor),profession [prəˈfeʃ.ən]
vyhlídka (do budoucna),prospect [ˈprɒs.pekt]
ochranný (opatření),protective [prəˈtek.tɪv]
poskytovatel,provider [prəˈvaɪ.dər]
nakladatel,publisher [ˈpʌb.lɪ.ʃər]
údajně (dle zpráv),reportedly [rɪˈpɔː.tɪd.li]
ustoupit (před nepřítelem),retreat [rɪˈtriːt]
zelenáč,rookie [ˈrʊk.i]
sendvič,sandwich [ˈsæn.wɪdʒ]
oddělení (odloučení),separation [ˌsep.ərˈeɪ.ʃən]
pohlavně,sexually [ˈsek.ʃu.əl.i]
lyže,ski [skiː]
chirurg,surgeon [ˈsɜː.dʒən]
krádež,theft [θeft]
ventil,valve [vælv]
vízum,visa [ˈviː.zə]
sousední (přilehlý),adjacent [əˈdʒeɪ.sənt]
uznání (ocenění),appreciation [əˌpriː.ʃiˈeɪ.ʃən]
atletické postavy,athletic [æθˈlet.ɪk]
povolit,authorize [ˈɔː.θər.aɪz]
transparent (se sloganem ap.),banner [ˈbæn.ər]
půvab,charm [tʃɑːm]
horolezectví,climbing [ˈklaɪ.mɪŋ]
kolonie,colony [ˈkɒl.ə.ni]
krutý,cruel [ˈkruː.əl]
studijní plán,curriculum [kəˈrɪk.jə.ləm]
uzávěrka,deadline [ˈded.laɪn]
vysoká (zvěř),deer [dɪər]
delta,delta [ˈdel.tə]
ponor (potápěčský),dive [daɪv]
jedenáct,eleven [ɪˈlev.ən]
entita,entity [ˈen.tɪ.ti]
nadměrný (přílišný),excessive [ekˈses.ɪv]
feminist(k)a,feminist [ˈfem.ɪ.nɪst]
vládnout (zemi),govern [ˈɡʌv.ən]
šunka,ham [hæm]
(vy)léčit (se),heal [hiːl]
rozhraní,interface [ˈɪn.tə.feɪs]
šperky,jewelry [ˈdʒuː.əl.ri]
žurnalistika,journalism [ˈdʒɜː.nə.lɪ.zəm]
džungle,jungle [ˈdʒʌŋ.ɡəl]
přímočarý,linear [ˈlɪn.i.ər]
občasný,occasional [əˈkeɪ.ʒən.əl]
orientovat se,orient [ˈɔː.ri.ənt]
předpovědět,predict [prɪˈdɪkt]
honba,pursuit [pəˈsjuːt]
rap,rap [ræp]
připomínka,reminder [rɪˈmaɪn.dər]
pokračovat (po přerušení),resume [rɪˈzjuːm]
"hřeben (hory, střechy)",ridge [rɪdʒ]
učenec,scholar [ˈskɒl.ər]
kmen,tribe [traɪb]
proměnná,variable [ˈveə.ri.ə.bəl]
znepokojivý,worrying [ˈwʌr.i.ɪŋ]
eso,ace [eɪs]
upravit (uzpůsobit),adjust [əˈdʒʌst]
střídat se (každý jednou),alternate [ˈɒl.tə.neɪt]
přitažlivost,attraction [əˈtræk.ʃən]
"zlato, miláčku, drahoušku (oslovení partnera)",babe [beɪb]
bankrot,bankruptcy [ˈbæŋ.krəpt.si]
schopnost,capability [ˌkeɪ.pəˈbɪl.ə.ti]
uzávěr,closure [ˈkləʊ.ʒər]
kognitivní,cognitive [ˈkɒɡ.nə.tɪv]
konkurent,competitor [kəmˈpet.ɪ.tər]
obránce (hrací post),defender [dɪˈfen.dər]
zubní,dental [ˈden.təl]
diplomatický,diplomatic [ˌdɪp.ləˈmæt.ɪk]
buben,drum [drʌm]
redakční,editorial [ˌed.ɪˈtɔː.ri.əl]
(po)bavit,entertain [en.təˈteɪn]
věčný (stále trvající),eternal [ɪˈtɜː.nəl]
zmrazit,freeze [friːz]
obecný,generic [dʒəˈner.ɪk]
babička,grandma [ˈɡræn.mɑː]
sevření (uchopení),grip [ɡrɪp]
hrst (množství),handful [ˈhænd.fʊl]
pokorný,humble [ˈhʌm.bəl]
kříženec,hybrid [ˈhaɪ.brɪd]
klávesnice,keyboard [ˈkiː.bɔːd]
mírný (intenzita),mild [maɪld]
minimální,minimal [ˈmɪn.ɪ.məl]
molekulární,molecular [məˈlek.jə.lər]
poledne,noon [nuːn]
v současné době,nowadays [ˈnaʊ.ə.deɪz]
otevřeně (bez skrývání),openly [ˈəʊ.pən.li]
(obecný) přehled,overview [ˈəʊ.və.vjuː]
farnost,parish [ˈpær.ɪʃ]
ubohý,pathetic [pəˈθet.ɪk]
brambor,potato [pəˈteɪ.təʊ]
hrnčíř,potter [ˈpɒt.ər]
přednost (priorita),preference [ˈpref.ər.əns]
slibný,promising [ˈprɒm.ɪ.sɪŋ]
podíl (část celku),proportion [prəˈpɔː.ʃən]
zuřit,rage [reɪdʒ]
obnovení,restoration [ˌres.tərˈeɪ.ʃən]
sobecký,selfish [ˈsel.fɪʃ]
seržant,sergeant [ˈsɑː.dʒənt]
hedvábí,silk [sɪlk]
známka (poštovní ap.),stamp [stæmp]
trůn,throne [θrəʊn]
nutkání,urge [ɜːdʒ]
čarodějnice,witch [wɪtʃ]
archiv,archive [ˈɑː.kaɪv]
pole (v programování),array [əˈreɪ]
břicho,belly [ˈbel.i]
stánek,booth [buːð]
zhroucení,breakdown [ˈbreɪk.daʊn]
brutální,brutal [ˈbruː.təl]
(vy)počítat,calculate [ˈkæl.kjə.leɪt]
vačka,cam [kæm]
občanství,citizenship [ˈsɪt.ɪ.zən.ʃɪp]
útes,cliff [klɪf]
shoda (všeobecná),consensus [kənˈsen.səs]
cyklistika,cycling [ˈsaɪ.klɪŋ]
prohlášení,declaration [ˌdek.ləˈreɪ.ʃən]
derby,derby [ˈdɑː.bi]
rozdíl (rozlišení),distinction [dɪˈstɪŋk.ʃən]
dar (příspěvek charitě ap.),donation [dəʊˈneɪ.ʃən]
obličejový,facial [ˈfeɪ.ʃəl]
věrný (citově ap.),faithful [ˈfeɪθ.fəl]
osudný,fatal [ˈfeɪ.təl]
fík,fig [fɪɡ]
padnoucí,fitting [ˈfɪt.ɪŋ]
opravdu (skutečně),genuinely [ˈdʒen.ju.ɪn.li]
hlad,hunger [ˈhʌŋ.ɡər]
hurikán,hurricane [ˈhʌr.ɪ.kən]
inovační,innovative [ˈɪn.ə.və.tɪv]
jurisdikce,jurisdiction [ˌdʒʊə.rɪsˈdɪk.ʃən]
smích,laughter [ˈlɑːf.tər]
citrón,lemon [ˈlem.ən]
nakládání (zboží ap.),loading [ˈləʊdɪŋ]
plíce,lung [lʌŋ]
přiřazování (do dvojic),matching [ˈmætʃ.ɪŋ]
mohutný (impozantně),mighty [ˈmaɪ.ti]
měnový,monetary [ˈmʌn.ɪ.tri]
výživa,nutrition [njuːˈtrɪʃ.ən]
ruda,ore [ɔːr]
borovice,pine [paɪn]
špatně (nekvalitně),poorly [ˈpɔː.li]
póza,pose [pəʊz]
(na)lít,pour [pɔːr]
ryze,purely [ˈpjʊə.li]
pronájem (auta ap. též),rental [ˈren.təl]
zdánlivě,seemingly [ˈsiː.mɪŋ.li]
vážně (kriticky),severely [sɪˈvɪə.li]
žralok,shark [ʃɑːk]
přeživší,survivor [səˈvaɪ.vər]
po technické stránce,technically [ˈtek.nɪ.kəl.i]
neomezený,unlimited [ʌnˈlɪm.ɪ.tɪd]
úzkostlivý,anxious [ˈæŋk.ʃəs]
včela,bee [biː]
cigareta,cigarette [ˌsɪɡ.ərˈet]
kultovní,cult [kʌlt]
mlékárna,dairy [ˈdeə.ri]
miláček,darling [ˈdɑː.lɪŋ]
požitek,delight [dɪˈlaɪt]
deník,diary [ˈdaɪə.ri]
nesouhlasit,disagree [ˌdɪs.əˈɡriː]
vrtačka,drill [drɪl]
vyvinout,evolve [ɪˈvɒlv]
předpověď (počasí ap.),forecast [ˈfɔː.kɑːst]
správa ,governance [ˈɡʌv.ən.əns]
obejmout,hug [hʌɡ]
významně (důležitě),importantly [ɪmˈpɔː.tənt.li]
halový,indoor [ˌɪnˈdɔːr]
vlivný,influential [ˌɪn.fluˈen.ʃəl]
neviditelný,invisible [ɪnˈvɪz.ə.bəl]
soudní řízení,lawsuit [ˈlɔː.suːt]
prosáknout (nádoba),leak [liːk]
hudebník,musician [mjuːˈzɪʃ.ən]
oliva,olive [ˈɒl.ɪv]
vášnivý,passionate [ˈpæʃ.ən.ət]
přijímač,receiver [rɪˈsiː.vər]
nepokoje (výtržnosti ap.),riot [ˈraɪ.ət]
rozpis služeb,roster [ˈrɒs.tər]
lebka,skull [skʌl]
"fyzický otvor (štěrbina, otvor, šachta ap.)",slot [slɒt]
rozmlátit,smash [smæʃ]
socha,statue [ˈstætʃ.uː]
překvapivě,surprisingly [səˈpraɪ.zɪŋ.li]
kapitulovat,surrender [sərˈen.dər]
podezřelý,suspicious [səˈspɪʃ.əs]
něžný,tender [ˈten.dər]
důkladně,thoroughly [ˈθʌr.ə.li]
vakuum,vacuum [ˈvæk.juːm]
variace,variation [ˌveə.riˈeɪ.ʃən]
(nepodložené) obvinění,allegation [ˌæl.əˈɡeɪ.ʃən]
předvídat,anticipate [ænˈtɪs.ɪ.peɪt]
architekt,architect [ˈɑː.kɪ.tekt]
povodí,basin [ˈbeɪ.sən]
prospěšný,beneficial [ˌben.ɪˈfɪʃ.əl]
krvácet,bleed [bliːd]
plemeno (zvířecí),breed [briːd]
nevěsta,bride [braɪd]
pupen,bud [bʌd]
majordomus,butler [ˈbʌt.lər]
kreslený film,cartoon [kɑːˈtuːn]
kuřátko,chick [tʃɪk]
koks,coke [kəʊk]
srovnatelný,comparable [ˈkɒm.pər.ə.bəl]
potvrzení,confirmation [ˌkɒn.fəˈmeɪ.ʃən]
utěšit,console [kənˈsəʊl]
dodavatel (zhotovitel zakázky),contractor [kənˈtræk.tər]
průměr (rozměr),diameter [daɪˈæm.ɪ.tər]
skládka,dump [dʌmp]
duo,duo [ˈdʒuː.əʊ]
slon,elephant [ˈel.ɪ.fənt]
zlepšit (zvýraznit kvalitu),enhance [ɪnˈhɑːns]
vyčerpaný,exhausted [ɪɡˈzɔː.stɪd]
tkanina,fabric [ˈfæb.rɪk]
pohádkový (expr. nádherný),fabulous [ˈfæb.jə.ləs]
víla,fairy [ˈfeə.ri]
záhyb,fold [fəʊld]
podivín,freak [friːk]
hazard(riskantní hra),gambling [ˈɡæm.blɪŋ]
jemně,gently [ˈdʒent.li]
překrásný,glorious [ˈɡlɔː.ri.əs]
zármutek,grief [ɡriːf]
nevyhnutelný,inevitable [ɪˈnev.ɪ.tə.bəl]
rozvržení,layout [ˈleɪ.aʊt]
chata,lodge [lɒdʒ]
zásluha,merit [ˈmer.ɪt]
zdrcující (naprosto převažující),overwhelming [ˌəʊ.vəˈwel.mɪŋ]
bledý,pale [peɪl]
částice,particle [ˈpɑː.tɪ.kəl]
farář,pastor [ˈpɑː.stər]
trvale,permanently [ˈpɜː.mə.nənt.li]
jed,poison [ˈpɔɪ.zən]
provinční,provincial [prəˈvɪn.ʃəl]
rebel,rebel [ˈreb.əl]
otáčení,rotation [rəʊˈteɪ.ʃən]
odděleně,separately [ˈsep.ər.ət.li]
nepatrný (sotva znatelný),subtle [ˈsʌt.əl]
mýtné,toll [təʊl]
tragický,tragic [ˈtrædʒ.ɪk]
trenér,trainer [ˈtreɪ.nər]
proměnit (se),transform [trænsˈfɔːm]
neuvěřitelný,unbelievable [ˌʌn.bɪˈliː.və.bəl]
pod (bezprostředně),underneath [ˌʌn.dəˈniːθ]
virový,viral [ˈvaɪə.rəl]
