kvalifikovat,qualify [ˈkwɑː.lə.faɪ]
ochutnat,sample [ˈsæm.pəl]
sekundární,secondary [ˈsek.ən.der.i]
sluneční,solar [ˈsoʊ.lɚ]
nějak,somehow [ˈsʌm.haʊ]
trpět,suffer [ˈsʌf.ɚ]
konečný,ultimate [ˈʌl.tə.mət]
neznámý,unknown [ʌnˈnoʊn]
připojit,attach [əˈtætʃ]
automaticky,automatically [ˌɑː.t̬əˈmæt̬.ɪ.kəl.i]
baterie,battery [ˈbæt̬.ɚ.i]
roleta,blind [blaɪnd]
dech,breath [breθ]
stručný,brief [briːf]
truhla,chest [tʃest]
debut,debut [deɪˈbju]
zapojit,engage [ɪnˈɡeɪdʒ]
externí,external [ɪkˈstɝː.nəl]
fantazie,fantasy [ˈfæn.tə.si]
urvat,grab [ɡræb]
bezprostřední,immediate [ɪˈmiː.di.ət]
zavedení,introduction [ˌɪn.trəˈdʌk.ʃən]
licence,license [ˈlaɪ.səns]
pilot,pilot [ˈpaɪ.lət]
růžový,pink [pɪŋk]
Prezidentka,presidential [ˌprez.ɪˈden.ʃəl]
hlavní,principal [ˈprɪn.sə.pəl]
uznat,recognize [ˈrek.əɡ.naɪz]
pravidelně,regularly [ˈreɡ.jə.lɚ.li]
Přeprava,shipping [ˈʃɪp.ɪŋ]
zpěvák,singer [ˈsɪŋ.ɚ]
kouření,smoking [ˈsmoʊ.kɪŋ]
pára,steam [stiːm]
přežít,survive [sɚˈvaɪv]
vysoký,tall [tɑːl]
terapie,therapy [ˈθer.ə.pi]
svědek,witness [ˈwɪt.nəs]
přijmout,adopt [əˈdɑːpt]
cíl,aim [eɪm]
kampus,campus [ˈkæm.pəs]
víčko,cap [kæp]
dětství,childhood [ˈtʃaɪld.hʊd]
klinický,clinical [ˈklɪn.ɪ.kəl]
komedie,comedy [ˈkɑː.mə.di]
velitel,commander [kəˈmæn.dɚ]
srovnání,comparison [kəmˈper.ɪ.sən]
Dan,dan [dæn]
porazit,defeat [dɪˈfiːt]
obrana,defence [dɪˈfens]
demokracie,democracy [dɪˈmɑː.krə.si]
oprávněný,entitle [ɪnˈtaɪ.t̬əl]
přesný,exact [ɪɡˈzækt]
vystavit,expose [ɪkˈspoʊz]
zranit,injure [ˈɪn.dʒɚ]
hudební,musical [ˈmjuː.zɪ.kəl]
nos,nose [noʊz]
čelit,oppose [əˈpoʊz]
organizovat,organize [ˈɔːr.ɡən.aɪz]
plast,plastic [ˈplæs.tɪk]
citovat,quote [kwoʊt]
Semi,semi [ˈsem.aɪ]
tušit,suspect [səˈspekt]
přísahat,swear [swer]
technika,technique [tekˈniːk]
uvázat,tie [taɪ]
trend,trend [trend]
cenný,valuable [ˈvæl.jə.bəl]
bohatství,wealth [welθ]
moudrý,wise [waɪz]
ve věku,aged [eɪdʒd]
schválení,approval [əˈpruː.vəl]
aspekt,aspect [ˈæs.pekt]
chléb,bread [bred]
hořící,burning [ˈbɝː.nɪŋ]
konvence,convention [kənˈven.ʃən]
taneční,dancing [ˈdæn.sɪŋ]
vejce,egg [eɡ]
en,en [ɪn-]
inženýr,engineer [ˌen.dʒɪˈnɪr]
ekvivalent,equivalent [ɪˈkwɪv.əl.ənt]
spravedlivě,fairly [ˈfer.li]
prst,finger [ˈfɪŋ.ɡɚ]
brod,ford [fɔːrd]
gang,gang [ɡæŋ]
absolvent,graduate [ˈɡrædʒ.u.ət]
vnitřní,inner [ˈɪn.ɚ]
výtah,lift [lɪft]
mlynář,miller [ˈmɪl.ɚ]
měsíční,monthly [ˈmʌn.θli]
okolí,neighborhood [ˈneɪ.bɚ.hʊd]
provozovat,operate [ˈɑː.pə.reɪt]
vynikající,outstanding [ˌaʊtˈstæn.dɪŋ]
povolení,permission [pɚˈmɪʃ.ən]
závodění,racing [ˈreɪ.sɪŋ]
nařízení,regulation [ˌreɡ.jəˈleɪ.ʃən]
odpověď,reply [rɪˈplaɪ]
zbavit,rid [rɪd]
vědec,scientist [ˈsaɪ.ən.tɪst]
rameno,shoulder [ˈʃoʊl.dɚ]
sprcha,shower [ˈʃaʊ.ɚ]
věž,tower [ˈtaʊ.ɚ]
tradice,tradition [trəˈdɪʃ.ən]
vizuální,visual [ˈvɪʒ.u.əl]
kolo,wheel [wiːl]
jmenování,appointment [əˈpɔɪnt.mənt]
sotva,barely [ˈber.li]
slavit,celebrate [ˈsel.ə.breɪt]
čokoláda,chocolate [ˈtʃɑːk.lət]
uhlí,coal [koʊl]
barva,colour [ˈkʌl.ɚ]
moderní,contemporary [kənˈtem.pə.rer.i]
kritika,criticism [ˈkrɪt̬.ɪ.sɪ.zəm]
účinně,effectively [əˈfek.tɪv.li]
rozsáhlý,extensive [ɪkˈsten.sɪv]
formace,formation [fɔːrˈmeɪ.ʃən]
galerie,gallery [ˈɡæl.ɚ.i]
dálnice,highway [ˈhaɪ.weɪ]
historický,historic [hɪˈstɔːr.ɪk]
lov,hunt [hʌnt]
zlepšení,improvement [ɪmˈpruːv.mənt]
palec,inch [ɪntʃ]
zpočátku,initially [ɪˈnɪʃ.əl.i]
juniorský,junior [ˈdʒuː.njɚ]
jury,jury [ˈdʒʊr.i]
netvor,monster [ˈmɑːn.stɚ]
získat,obtain [əbˈteɪn]
filozofie,philosophy [fɪˈlɑː.sə.fi]
hrdost,pride [praɪd]
opakovat,repeat [rɪˈpiːt]
hrubý,rough [rʌf]
vyrovnání,settlement [ˈset̬.əl.mənt]
vůně,smell [smel]
reproduktor,speaker [ˈspiː.kɚ]
obklopit,surround [səˈraʊnd]
tón,tone [toʊn]
téma,topic [ˈtɑː.pɪk]
univerzální,universal [ˌjuː.nəˈvɝː.səl]
obrovský,vast [væst]
návštěvník,visitor [ˈvɪz.ɪ.t̬ɚ]
auto,auto [ˈɑː.t̬oʊ]
konzistentní,consistent [kənˈsɪs.tənt]
šedá,grey [ɡreɪ]
kytara,guitar [ɡɪˈtɑːr]
ignorovat,ignore [ɪɡˈnɔːr]
jídlo,meal [mɪəl]
mezitím,meanwhile [ˈmiːn.waɪl]
přirozeně,naturally [ˈnætʃ.ɚ.əl.i]
nutně,necessarily [nes.əˈser.əl.i]
kalhoty,pant [pænt]
partnerství,partnership [ˈpɑːrt.nɚ.ʃɪp]
procento,percentage [pɚˈsen.t̬ɪdʒ]
kapsa,pocket [ˈpɑː.kɪt]
praktický,practical [ˈpræk.tɪ.kəl]
především,primarily [praɪˈmer.əl.i]
znásilnění,rape [reɪp]
bez ohledu na to,regardless [rɪˈɡɑːrd.ləs]
spěch,rush [rʌʃ]
ostrý,sharp [ʃɑːrp]
fotbal,soccer [ˈsɑː.kɚ]
stabilní,stable [ˈsteɪ.bəl]
příznak,symptom [ˈsɪmp.təm]
dočasný,temporary [ˈtem.pə.rer.i]
trik,trick [trɪk]
zvuk,audio [ˈɑː.di.oʊ]
kost,bone [boʊn]
komora,chamber [ˈtʃeɪm.bɚ]
schéma,chart [tʃɑːrt]
obvod,circuit [ˈsɝː.kɪt]
oblečení,clothing [ˈkloʊ.ðɪŋ]
komplikovat,complicate [ˈkɑːm.plə.keɪt]
následek,consequence [ˈkɑːn.sə.kwəns]
hájit,defend [dɪˈfend]
rozdělit,divide [dɪˈvaɪd]
každodenní,everyday [ˈev.ri.deɪ]
rozsah,extent [ɪkˈstent]
rybolov,fishing [ˈfɪʃ.ɪŋ]
formát,format [ˈfɔːr.mæt]
mezera,gap [ɡæp]
brána,gate [ɡeɪt]
poškodit,harm [hɑːrm]
domácnost,household [ˈhaʊs.hoʊld]
přistěhovalectví,immigration [ˌɪm.əˈɡreɪ.ʃən]
impozantní,impressive [ɪmˈpres.ɪv]
zabiják,killer [ˈkɪl.ɚ]
lekce,lesson [ˈles.ən]
členství,membership [ˈmem.bɚ.ʃɪp]
zrcadlo,mirror [ˈmɪr.ɚ]
Mount,mount [maʊnt]
parkoviště,parking [ˈpɑːr.kɪŋ]
návrh,proposal [prəˈpoʊ.zəl]
provincie,province [ˈprɑː.vɪns]
uznání,recognition [ˌrek.əɡˈnɪʃ.ən]
pověst,reputation [ˌrep.jəˈteɪ.ʃən]
krátce,shortly [ˈʃɔːrt.li]
silně,strongly [ˈstrɑːŋ.li]
roztrhnout,tear [ter]
tenký,thin [θɪn]
z,z [ziː]
obvinit,accuse [əˈkjuːz]
dobrodružství,adventure [ədˈven.tʃɚ]
argumentovat,argue [ˈɑːrɡ.juː]
posouzení,assessment [əˈses.mənt]
atmosféra,atmosphere [ˈæt.mə.sfɪr]
hrozné,awful [ˈɑː.fəl]
ložnice,bedroom [ˈbed.ruːm]
víra,belief [bɪˈliːf]
vázat,bind [baɪnd]
opatrně,carefully [ˈker.fəl.i]
kontrast,contrast [ˈkɑːn.træst]
jinde,elsewhere [ˈels.wer]
rozšíření,extension [ɪkˈsten.ʃən]
zakladatel,founder [ˈfaʊn.dɚ]
vybavení,gear [ɡɪr]
hip,hip [hɪp]
infrastruktura,infrastructure [ˈɪn.frəˌstrʌk.tʃɚ]
volný,loose [luːs]
morální,moral [ˈmɔːr.əl]
urážlivý,offensive [əˈfen.sɪv]
Pa,pa [pɑː]
balík,package [ˈpæk.ɪdʒ]
chudoba,poverty [ˈpɑː.vɚ.t̬i]
železnice,railway [ˈreɪl.weɪ]
směšný,ridiculous [rɪˈdɪk.jə.ləs]
citlivý,sensitive [ˈsen.sə.t̬ɪv]
server,server [ˈsɝː.vɚ]
šokovat,shock [ʃɑːk]
umlčet,silence [ˈsaɪ.ləns]
lepší,superior [səˈpɪr.i.ɚ]
podporovatel,supporter [səˈpɔːr.t̬ɚ]
tlustý,thick [θɪk]
tón,ton [tʌn]
přechod,transition [trænˈzɪʃ.ən]
násilný,violent [ˈvaɪə.lənt]
volič,voter [ˈvoʊ.t̬ɚ]
umýt,wash [wɑːʃ]
kyselina,acid [ˈæs.ɪd]
herečka,actress [ˈæk.trəs]
správní,administrative [ædˈmɪn.ɪˌstreɪ.t̬ɪv]
vedle,alongside [əˈlɑːŋ.saɪd]
anděl,angel [ˈeɪn.dʒəl]
úzkost,anxiety [æŋˈzaɪ.ə.t̬i]
Bonus,bonus [ˈboʊ.nəs]
hrad,castle [ˈkæs.əl]
Charita,charity [ˈtʃer.ə.t̬i]
vaření,cooking [ˈkʊk.ɪŋ]
zvědavý,curious [ˈkjʊr.i.əs]
objev,discovery [dɪˈskʌv.ɚ.i]
vévoda,duke [duːk]
podporovat,encourage [ɪnˈkɝː.ɪdʒ]
vynucení,enforcement [ɪnˈfɔːrs.mənt]
blikat,flash [flæʃ]
formální,formal [ˈfɔːr.məl]
vzorec,formula [ˈfɔːr.mjə.lə]
pevnost,fort [fɔːrt]
šedá,gray [ɡreɪ]
hrubý,gross [ɡroʊs]
hladový,hungry [ˈhʌŋ.ɡri]
informovat,inform [ɪnˈfɔːrm]
nevinný,innocent [ˈɪn.ə.sənt]
Mac,mac [mæk]
matematika,math [mæθ]
tajemství,mystery [ˈmɪs.tɚ.i]
palác,palace [ˈpæl.ɪs]
trest,penalty [ˈpen.əl.ti]
Pet,pet [pet]
fotografie,photography [fəˈtɑː.ɡrə.fi]
protest,protest [ˈproʊ.test]
vydání,publication [ˌpʌb.ləˈkeɪ.ʃən]
Hodnocení,rating [ˈreɪ.t̬ɪŋ]
respektive,respectively [rɪˈspek.tɪv.li]
tichý,silent [ˈsaɪ.lənt]
úspěšně,successfully [səkˈses.fəl.i]
chrám,temple [ˈtem.pəl]
stezka,trail [treɪl]
strýc,uncle [ˈʌŋ.kəl]
neobvyklý,unusual [ʌnˈjuː.ʒu.əl]
jo,yo [joʊ]
příchod,arrival [əˈraɪ.vəl]
útok,assault [əˈsɑːlt]
povědomí,awareness [əˈwer.nəs]
špatně,badly [ˈbæd.li]
koupel,bath [bæθ]
zachytit,capture [ˈkæp.tʃɚ]
honit,chase [tʃeɪs]
komponent,component [kəmˈpoʊ.nənt]
konkrétní,concrete [ˈkɑːn.kriːt]
hluboce,deeply [ˈdiːp.li]
očekávání,expectation [ˌek.spekˈteɪ.ʃən]
vysvětlení,explanation [ˌek.spləˈneɪ.ʃən]
vystavení,exposure [ɪkˈspoʊ.ʒɚ]
beletrie,fiction [ˈfɪk.ʃən]
záruka,guarantee [ˌɡer.ənˈtiː]
štěstí,happiness [ˈhæp.i.nəs]
hrozný,horrible [ˈhɔːr.ə.bəl]
ideál,ideal [aɪˈdiː.əl]
legenda,legend [ˈledʒ.ənd]
poručík,lieutenant [luːˈten.ənt]
nálada,mood [muːd]
sval,muscle [ˈmʌs.əl]
vášeň,passion [ˈpæʃ.ən]
postup,procedure [prəˈsiː.dʒɚ]
výrobce,producer [prəˈduː.sɚ]
pořadí,rank [ræŋk]
nahrazení,replacement [rɪˈpleɪs.mənt]
odejít,retire [rɪˈtaɪr]
písek,sand [sænd]
Úspora,saving [ˈseɪ.vɪŋ]
usadit,settle [ˈset̬.əl]
stín,shadow [ˈʃæd.oʊ]
štítek,tag [tæɡ]
mzda,wage [weɪdʒ]
avenue,avenue [ˈæv.ə.nuː]
nudný,boring [ˈbɔː.rɪŋ]
hodiny,clock [klɑːk]
komisař,commissioner [kəˈmɪʃ.ən.ɚ]
závazek,commitment [kəˈmɪt.mənt]
sebevědomý,confident [ˈkɑːn.fə.dənt]
zvyk,custom [ˈkʌs.təm]
odmítnout,deny [dɪˈnaɪ]
stůl,desk [desk]
ucho,ear [ɪr]
elektřina,electricity [ɪˌlekˈtrɪs.ə.t̬i]
zemědělec,farmer [ˈfɑːr.mɚ]
tělocvična,gym [dʒɪm]
užitečný,helpful [ˈhelp.fəl]
hrůza,horror [ˈhɔːr.ɚ]
označení,label [ˈleɪ.bəl]
nahý,naked [ˈneɪ.kɪd]
výstup,output [ˈaʊt.pʊt]
Pitch,pitch [pɪtʃ]
pizza,pizza [ˈpiːt.sə]
prostý,plain [pleɪn]
zadní,rear [rɪr]
odhalit,reveal [rɪˈviːl]
romantický,romantic [roʊˈmæn.t̬ɪk]
strategický,strategic [strəˈtiː.dʒɪk]
plavání,swimming [ˈswɪm.ɪŋ]
blaho,welfare [ˈwel.fer]
drát,wire [waɪr]
poté,afterwards [ˈæf.tɚ.wɚdz]
Dobře,alright [ɑːlˈraɪt]
hněv,anger [ˈæŋ.ɡɚ]
architektura,architecture [ˈɑːr.kə.tek.tʃɚ]
Pomoc,assist [əˈsɪst]
jménem,behalf [bɪˈhæf]
pás,belt [belt]
obřad,ceremony [ˈser.ə.moʊ.ni]
komik,comic [ˈkɑː.mɪk]
policajt,cop [kɑːp]
návrhář,designer [dɪˈzaɪ.nɚ]
diamant,diamond [ˈdaɪ.ə.mənd]
zklamat,disappoint [ˌdɪs.əˈpɔɪnt]
účinný,efficient [ɪˈfɪʃ.ənt]
elektrický,electrical [ɪˈlek.trɪ.kəl]
zaměstnat,employ [ɪmˈplɔɪ]
v podstatě,essentially [ɪˈsen.ʃəl.i]
zřízení,establishment [ɪˈstæb.lɪʃ.mənt]
duch,ghost [ɡoʊst]
hokej,hockey [ˈhɑː.ki]
lov,hunting [ˈhʌn.t̬ɪŋ]
Kit,kit [kɪt]
na,na [ˈsoʊ.di.əm]
nervový,nervous [ˈnɝː.vəs]
nově,newly [ˈnuː.li]
zvláštní,odd [ɑːd]
obyčejný,ordinary [ˈɔːr.dən.er.i]
účastnit se,participate [pɑːrˈtɪs.ə.peɪt]
modlitba,prayer [prer]
princip,principle [ˈprɪn.sə.pəl]
rasista,racist [ˈreɪ.sɪst]
zřídka,rarely [ˈrer.li]
sexy,sexy [ˈsek.si]
půda,soil [sɔɪl]
vyřešit,solve [sɑːlv]
žaludek,stomach [ˈstʌm.ək]
sát,suck [sʌk]
odpadky,trash [træʃ]
škaredý,ugly [ˈʌɡ.li]
virus,virus [ˈvaɪ.rəs]
chodítko,walker [ˈwɑː.kɚ]
kdokoli,whoever [huːˈev.ɚ]
Boost,boost [buːst]
kancelář,bureau [ˈbjʊr.oʊ]
plukovník,colonel [ˈkɝː.nəl]
pohodlí,comfort [ˈkʌm.fɚt]
bratranec,cousin [ˈkʌz.ən]
crack,crack [kræk]
paluba,deck [dek]
drak,dragon [ˈdræɡ.ən]
dramatický,dramatic [drəˈmæt̬.ɪk]
prach,dust [dʌst]
holandský,dutch [dʌtʃ]
vývoj,evolution [ˌev.əˈluː.ʃən]
pronájem,hire [haɪr]
nemoc,illness [ˈɪl.nəs]
inspirace,inspiration [ˌɪn.spəˈreɪ.ʃən]
nůž,knife [naɪf]
v poslední době,lately [ˈleɪt.li]
pamětní,memorial [məˈmɔːr.i.əl]
menšina,minority [maɪˈnɔːr.ə.t̬i]
maminka,mum [mʌm]
přednost,priority [praɪˈɔːr.ə.t̬i]
podpora,promotion [prəˈmoʊ.ʃən]
železnice,rail [reɪl]
čtenář,reader [ˈriː.dɚ]
vzdálený,remote [rɪˈmoʊt]
opravit,repair [rɪˈper]
vykořenit,root [ruːt]
svatý,saint [seɪnt]
ukrást,steal [stiːl]
telefon,telephone [ˈtel.ə.foʊn]
získat,acquire [əˈkwaɪɚ]
aliance,alliance [əˈlaɪ.əns]
nepříjemný,annoying [əˈnɔɪ.ɪŋ]
nabídka,bid [bɪd]
kamarád,buddy [ˈbʌd.i]
pohřbít,bury [ˈber.i]
máslo,butter [ˈbʌt̬.ɚ]
závěr,conclusion [kənˈkluː.ʒən]
Gratuluji,congratulation [kənˌɡrætʃ.əˈleɪ.ʃən]
přesvědčit,convince [kənˈvɪns]
blbost,crap [kræp]
krystal,crystal [ˈkrɪs.təl]
děkan,dean [diːn]
slušný,decent [ˈdiː.sənt]
pokles,decline [dɪˈklaɪn]
zpoždění,delay [dɪˈleɪ]
poušť,desert [ˈdez.ɚt]
Downtown,downtown [ˌdaʊnˈtaʊn]
elita,elite [iˈliːt]
dopředu,forth [fɔːrθ]
poskok,hop [hɑːp]
šílený,insane [ɪnˈseɪn]
přistání,landing [ˈlæn.dɪŋ]
vrstva,layer [ˈleɪ.ɚ]
oženit,marry [ˈmer.i]
nikde,nowhere [ˈnoʊ.wer]
zdravotní sestra,nurse [nɝːs]
organický,organic [ɔːrˈɡæn.ɪk]
vlastnictví,ownership [ˈoʊ.nɚ.ʃɪp]
účastník,participant [pɑːrˈtɪs.ə.pənt]
poezie,poetry [ˈpoʊ.ə.tri]
hrnec,pot [pɑːt]
modlit se,pray [preɪ]
odvolání,recall [rɪˈkɑːl]
saké,sake [seɪk]
list,sheet [ʃiːt]
hladký,smooth [smuːð]
duchovní,spiritual [ˈspɪr.ə.tʃu.əl]
řetězec,string [strɪŋ]
náhlý,sudden [ˈsʌd.ən]
dovolená,vacation [veɪˈkeɪ.ʃən]
v zahraničí,abroad [əˈbrɑːd]
přiřadit,assign [əˈsaɪn]
Atlantik,atlantic [ətˈlæn.t̬ɪk]
lavice,bench [bentʃ]
obtěžovat,bother [ˈbɑː.ðɚ]
přenos,broadcast [ˈbrɑːd.kæst]
Sbohem,bye [baɪ]
čištění,cleaning [ˈkliː.nɪŋ]
soutěžit,compete [kəmˈpiːt]
spočívat,consist [kənˈsɪst]
přispět,contribute [kənˈtrɪb.juːt]
kriket,cricket [ˈkrɪk.ɪt]
vjezd,entrance [ˈen.trəns]
stejně,equally [ˈiː.kwə.li]
fitness,fitness [ˈfɪt.nəs]
přátelství,friendship [ˈfrend.ʃɪp]
idiot,idiot [ˈɪd.i.ət]
intenzivní,intense [ɪnˈtens]
život,lifetime [ˈlaɪf.taɪm]
kapalný,liquid [ˈlɪk.wɪd]
medaile,medal [ˈmed.əl]
hypotéka,mortgage [ˈmɔːr.ɡɪdʒ]
příběh,narrative [ˈner.ə.t̬ɪv]
úzký,narrow [ˈner.oʊ]
pozorovat,observe [əbˈzɝːv]
občas,occasionally [əˈkeɪ.ʒən.əl.i]
pánev,pan [pæn]
fyzika,physics [ˈfɪz.ɪks]
potenciálně,potentially [poʊˈten.ʃəl.i]
snížení,reduction [rɪˈdʌk.ʃən]
odrážet,reflect [rɪˈflekt]
výzkumník,researcher [ˈriː.sɝː.tʃɚ]
Roger,roger [ˈrɑː.dʒɚ]
hloupý,silly [ˈsɪl.i]
následující,subsequent [ˈsʌb.sɪ.kwənt]
překlad,translation [trænsˈleɪ.ʃən]
viditelné,visible [ˈvɪz.ə.bəl]
ano,yep [jep]
pozměňovací návrh,amendment [əˈmend.mənt]
úhel,angle [ˈæŋ.ɡəl]
patřit,belong [bɪˈlɑːŋ]
biskup,bishop [ˈbɪʃ.əp]
obyčejně,commonly [ˈkɑː.mən.li]
obranný,defensive [dɪˈfen.sɪv]
účinnost,efficiency [ɪˈfɪʃ.ən.si]
podnik,enterprise [ˈen.t̬ɚ.praɪz]
experimentovat,experiment [ɪkˈsper.ə.mənt]
nález,finding [ˈfaɪn.dɪŋ]
forum,forum [ˈfɔːr.əm]
tráva,grass [ɡræs]
proto,hence [hens]
stále častěji,increasingly [ɪnˈkriː.sɪŋ.li]
neuvěřitelně,incredibly [ɪnˈkred.ə.bli]
sojka,jay [dʒeɪ]
novinář,journalist [ˈdʒɝː.nə.lɪst]
mlýn,mill [mɪl]
Mo,mo [moʊ]
příležitost,occasion [əˈkeɪ.ʒən]
tempo,pace [peɪs]
cestující,passenger [ˈpæs.ən.dʒɚ]
majetek,possession [pəˈzeʃ.ən]
rychlý,rapid [ˈræp.ɪd]
šestý,sixth [sɪksθ]
roztočit,spin [spɪn]
vhodný,suitable [ˈsuː.t̬ə.bəl]
třicet,thirty [ˈθɝː.t̬i]
platný,valid [ˈvæl.ɪd]
vitální,vital [ˈvaɪ.t̬əl]
zatímco,whilst [waɪlst]
zemědělství,agriculture [ˈæɡ.rə.kʌl.tʃɚ]
tvrdit,allege [əˈledʒ]
obchod,commerce [ˈkɑː.mɝːs]
potok,creek [kriːk]
měna,currency [ˈkɝː.ən.si]
emoce,emotion [ɪˈmoʊ.ʃən]
výstava,exhibition [ˌek.səˈbɪʃ.ən]
podvod,fraud [frɑːd]
pohřeb,funeral [ˈfjuː.nɚ.əl]
originální,genuine [ˈdʒen.ju.ɪn]
med,honey [ˈhʌn.i]
háček,hook [hʊk]
přistěhovalec,immigrant [ˈɪm.ə.ɡrənt]
návod,instruction [ɪnˈstrʌk.ʃən]
dědictví,legacy [ˈleɡ.ə.si]
log,log [lɑːɡ]
pouze,merely [ˈmɪr.li]
monitor,monitor [ˈmɑː.nə.t̬ɚ]
poměr,ratio [ˈreɪ.ʃi.oʊ]
litovat,regret [rɪˈɡret]
odmítnout,reject [rɪˈdʒekt]
připomenout,remind [rɪˈmaɪnd]
letovisko,resort [rɪˈzɔːrt]
zvrátit,reverse [rɪˈvɝːs]
rutina,routine [ruːˈtiːn]
děsivé,scary [ˈsker.i]
semínko,seed [siːd]
hřích,sin [sɪn]
kouzlo,spell [spel]
shrnutí,summary [ˈsʌm.ɚ.i]
přežití,survival [sɚˈvaɪ.vəl]
meč,sword [sɔːrd]
jazyk,tongue [tʌŋ]
Ward,ward [wɔːrd]
úspěch,achievement [əˈtʃiːv.mənt]
spící,asleep [əˈsliːp]
automatický,automatic [ˌɑː.t̬əˈmæt̬.ɪk]
chování,behaviour [bɪˈheɪ.vjɚ]
kabát,coat [koʊt]
komplexní,comprehensive [ˌkɑːm.prəˈhen.sɪv]
souhlas,consent [kənˈsent]
tatínek,daddy [ˈdæd.i]
zničení,destruction [dɪˈstrʌk.ʃən]
mimořádný,extraordinary [ɪkˈstrɔːr.dən.er.i]
osud,fate [feɪt]
frekvence,frequency [ˈfriː.kwən.si]
gen,gene [dʒiːn]
sláva,glory [ˈɡlɔːr.i]
velitelství,headquarters [ˈhedˌkwɔːr.t̬ɚz]
dědictví,heritage [ˈher.ɪ.t̬ɪdʒ]
iniciativa,initiative [ɪˈnɪʃ.ə.t̬ɪv]
šťáva,juice [dʒuːs]
krajina,landscape [ˈlænd.skeɪp]
logika,logic [ˈlɑː.dʒɪk]
objektivní,objective [əbˈdʒek.tɪv]
soukromí,privacy [ˈpraɪ.və.si]
rezidence,residence [ˈrez.ə.dəns]
zhruba,roughly [ˈrʌf.li]
plat,salary [ˈsæl.ɚ.i]
bodování,scoring [skɔːr]
skript,script [skrɪpt]
pás,strip [strɪp]
hrozí,threaten [ˈθret.ən]
trubice,tube [tuːb]
velvyslanec,ambassador [æmˈbæs.ə.dɚ]
bankovnictví,banking [ˈbæŋ.kɪŋ]
prsa,breast [brest]
chemie,chemistry [ˈkem.ə.stri]
uzavřít,conclude [kənˈkluːd]
spotřeba,consumption [kənˈsʌmp.ʃən]
korupce,corruption [kəˈrʌp.ʃən]
bavlna,cotton [ˈkɑː.tən]
sleva,discount [ˈdɪs.kaʊnt]
tucet,dozen [ˈdʌz.ən]
epos,epic [ˈep.ɪk]
výjimka,exception [ɪkˈsep.ʃən]
výstup,exit [ˈek.sɪt]
rozšířit,expand [ɪkˈspænd]
fantazie,fancy [ˈfæn.si]
nádherný,gorgeous [ˈɡɔːr.dʒəs]
vděčný,grateful [ˈɡreɪt.fəl]
dojem,impression [ɪmˈpreʃ.ən]
označit,indicate [ˈɪn.də.keɪt]
vstup,input [ˈɪn.pʊt]
klepání,knock [nɑːk]
kůže,leather [ˈleð.ɚ]
ret,lip [lɪp]
luxus,luxury [ˈlʌk.ʃɚ.i]
Lyric,lyric [ˈlɪr.ɪk]
výrobce,manufacturer [ˌmæn.jəˈfæk.tʃɚ.ɚ]
by měl,ought [ɔt]
odstranění,removal [rɪˈmuː.vəl]
Rep,rep [rep]
zpravodaj,reporter [rɪˈpɔːr.t̬ɚ]
okrást,rob [rɑːb]
výkřik,scream [skriːm]
sekvence,sequence [ˈsiː.kwəns]
úsek,stretch [stretʃ]
tenis,tennis [ˈten.ɪs]
terorista,terrorist [ˈter.ɚ.ɪst]
divadlo,theater [ˈθiː.ə.t̬ɚ]
dvanáct,twelve [twelv]
panna,virgin [ˈvɝː.dʒɪn]
vlk,wolf [wʊlf]
absence,absence [ˈæb.səns]
zemědělský,agricultural [ˌæɡ.rəˈkʌl.tʃɚ.əl]
sportovec,athlete [ˈæθ.liːt]
býk,bull [bʊl]
společenstvi,commonwealth [ˈkɑː.mən.welθ]
příspěvek,contribution [ˌkɑːn.trɪˈbjuː.ʃən]
vynikající,delicious [dɪˈlɪʃ.əs]
snadnost,ease [iːz]
sláva,fame [feɪm]
zaplavit,flood [flʌd]
generovat,generate [ˈdʒen.ə.reɪt]
genetický,genetic [dʒəˈnet̬.ɪk]
zapůsobit,impress [ɪmˈpres]
okamžitý,instant [ˈɪn.stənt]
investor,investor [ɪnˈves.t̬ɚ]
svoboda,liberty [ˈlɪb.ɚ.t̬i]
Maria,maria [ˌblæk məˈraɪ.ə]
fotografie,photograph [ˈfoʊ.t̬oʊ.ɡræf]
progresivní,progressive [prəˈɡres.ɪv]
trest,punishment [ˈpʌn.ɪʃ.mənt]
shromáždění,rally [ˈræl.i]
rychle,rapidly [ˈræp.ɪd.li]
zastoupení,representation [ˌrep.rɪ.zenˈteɪ.ʃən]
součet,sum [sʌm]
houpačka,swing [swɪŋ]
ocas,tail [teɪl]
dvojče,twin [twɪn]
nadcházející,upcoming [ˈʌpˌkʌm.ɪŋ]
veterán,veteran [ˈve.t̬ɚ.ən]
Upozornění,alert [əˈlɝːt]
aréna,arena [əˈriː.nə]
Billy,billy [ˈbɪl.i]
výložník,boom [buːm]
bota,boot [buːt]
statečný,brave [breɪv]
sloupec,column [ˈkɑː.ləm]
kompenzace,compensation [ˌkɑːm.penˈseɪ.ʃən]
složení,composition [ˌkɑːm.pəˈzɪʃ.ən]
přechod,crossing [ˈkrɑː.sɪŋ]
hustota,density [ˈden.sə.t̬i]
di,di [ˌdiːˈaɪ]
obtížnost,difficulty [ˈdɪf.ə.kəl.t̬i]
základní,elementary [ˌel.əˈmen.t̬ɚ.i]
etnický,ethnic [ˈeθ.nɪk]
výdaje,expense [ɪkˈspens]
loďstvo,fleet [fliːt]
podporovat,foster [ˈfɑː.stɚ]
základní,fundamental [ˌfʌn.dəˈmen.t̬əl]
gen,gen [dʒen]
génius,genius [ˈdʒiː.ni.əs]
velmi,greatly [ˈɡreɪt.li]
vedení,guidance [ˈɡaɪ.dəns]
infekce,infection [ɪnˈfek.ʃən]
záměr,intention [ɪnˈten.ʃən]
koleno,knee [niː]
mechanický,mechanical [məˈkæn.ɪ.kəl]
účast,participation [pɑːrˌtɪs.əˈpeɪ.ʃən]
drahocenný,precious [ˈpreʃ.əs]
těhotenství,pregnancy [ˈpreɡ.nən.si]
pojistné,premium [ˈpriː.mi.əm]
předstírat,pretend [prɪˈtend]
kněz,priest [priːst]
prominentní,prominent [ˈprɑː.mə.nənt]
radikál,radical [ˈræd.ɪ.kəl]
obytný,residential [ˌrez.əˈden.ʃəl]
odměna,reward [rɪˈwɔːrd]
červenka,robin [ˈrɑː.bɪn]
satelit,satellite [ˈsæt̬.əl.aɪt]
chvění,shake [ʃeɪk]
pobřeží,shore [ʃɔːr]
značné,substantial [səbˈstæn.ʃəl]
Teen,teen [tiːn]
přenos,transmission [trænˈsmɪʃ.ən]
past,trap [træp]
jednotný,uniform [ˈjuː.nə.fɔːrm]
divoká zvěř,wildlife [ˈwaɪld.laɪf]
dřevěný,wooden [ˈwʊd.ən]
agresivní,aggressive [əˈɡres.ɪv]
zdánlivý,apparent [əˈper.ənt]
Bang,bang [bæŋ]
výbuch,blast [blæst]
komunistický,communist [ˈkɑː.m.jə.nɪst]
stížnost,complaint [kəmˈpleɪnt]
odvaha,courage [ˈkɝː.ɪdʒ]
lék,cure [kjʊr]
zoufalý,desperate [ˈdes.pɚ.ət]
rozmanitost,diversity [dɪˈvɝː.sə.t̬i]
předvečer,eve [iːv]
fakulta,faculty [ˈfæk.əl.t̬i]
zpětná vazba,feedback [ˈfiːd.bæk]
bojovník,fighter [ˈfaɪ.t̬ɚ]
inovace,innovation [ˌɪn.əˈveɪ.ʃən]
nástroj,instrument [ˈɪn.strə.mənt]
investovat,invest [ɪnˈvest]
bunda,jacket [ˈdʒæk.ɪt]
legislativní,legislative [ˈledʒ.ə.slə.t̬ɪv]
manuál,manual [ˈmæn.ju.əl]
ošetřovatelství,nursing [ˈnɝː.sɪŋ]
obsadit,occupy [ˈɑː.kjə.paɪ]
pokračující,ongoing [ˈɑːnˌɡoʊ.ɪŋ]
operátor,operator [ˈɑː.pə.reɪ.t̬ɚ]
bolestivé,painful [ˈpeɪn.fəl]
příprava,preparation [ˌprep.əˈreɪ.ʃən]
punč,punch [pʌntʃ]
fialová,purple [ˈpɝː.pəl]
železnice,railroad [ˈreɪl.roʊd]
registrace,registration [ˌredʒ.əˈstreɪ.ʃən]
Rick,rick [rɪk]
romantika,romance [roʊˈmæns]
předložit,submit [səbˈmɪt]
dostatečný,sufficient [səˈfɪʃ.ənt]
pozastavit,suspend [səˈspend]
tkáň,tissue [ˈtɪʃ.uː]
přívěs,trailer [ˈtreɪ.lɚ]
podzemí,underground [ˈʌn.dɚ.ɡraʊnd]
versus,versus [ˈvɝː.səs]
virtuální,virtual [ˈvɝː.tʃu.əl]
rána,wound [wuːnd]
oznámení,announcement [əˈnaʊns.mənt]
uspořádat,arrange [əˈreɪndʒ]
arzenál,arsenal [ˈɑːr.sən.əl]
přitahovat,attract [əˈtrækt]
biologický,biological [ˌbaɪ.əˈlɑː.dʒɪ.kəl]
skus,bite [baɪt]
čip,chip [tʃɪp]
Dare se,dare [der]
diskriminace,discrimination [dɪˌskrɪm.əˈneɪ.ʃən]
porucha,disorder [dɪˈsɔːr.dɚ]
distribuovat,distribute [dɪˈstrɪb.juːt]
dokumentární,documentary [ˌdɑː.kjəˈmen.t̬ɚ.i]
doména,domain [doʊˈmeɪn]
dynamický,dynamic [daɪˈnæm.ɪk]
Upravit,edit [ˈed.ɪt]
angažovanost,engagement [ɪnˈɡeɪdʒ.mənt]
prozkoumat,explore [ɪkˈsplɔːr]
záběry,footage [ˈfʊt̬.ɪdʒ]
hrob,grave [ɡreɪv]
implementace,implementation [ˌɪm.plə.menˈteɪ.ʃən]
vyšetřovat,investigate [ɪnˈves.tə.ɡeɪt]
jazz,jazz [dʒæz]
laboratoř,laboratory [ˈlæb.rə.tɔːr.i]
literární,literary [ˈlɪt̬.ə.rer.i]
maska,mask [mæsk]
klavír,piano [piˈæn.oʊ]
chvála,praise [preɪz]
prezentace,presentation [ˌprez.ənˈteɪ.ʃən]
psychologie,psychology [saɪˈkɑː.lə.dʒi]
omezení,restriction [rɪˈstrɪk.ʃən]
raketa,rocket [ˈrɑː.kɪt]
zřícenina,ruin [ˈruː.ɪn]
Sec,sec [sek]
otrok,slave [sleɪv]
stabilita,stability [stəˈbɪl.ə.t̬i]
stabilní,steady [ˈsted.i]
symbol,symbol [ˈsɪm.bəl]
terminál,terminal [ˈtɝː.mə.nəl]
toaleta,toilet [ˈtɔɪ.lət]
smlouva,treaty [ˈtriː.t̬i]
trojnásobný,triple [ˈtrɪp.əl]
nepravděpodobné,unlikely [ʌnˈlaɪ.kli]
Agenda,agenda [əˈdʒen.də]
netopýr,bat [bæt]
luk,bow [baʊ]
kalendář,calendar [ˈkæl.ən.dɚ]
pelerína,cape [keɪp]
kolektivní,collective [kəˈlek.tɪv]
řemeslo,craft [kræft]
tma,darkness [ˈdɑːrk.nəs]
ďábel,devil [ˈdev.əl]
umožnit,enable [ɪˈneɪ.bəl]
vlastní kapitál,equity [ˈek.wə.t̬i]
štěstí,fortune [ˈfɔːr.tʃuːn]
Graham,graham [ˈɡræm ˌkræk.ɚ]
železářské zboží,hardware [ˈhɑːrd.wer]
intelektuální,intellectual [ˌɪn.t̬əlˈek.tʃu.əl]
účast,involvement [ɪnˈvɑːlv.mənt]
mi,mi [miː]
částečně,partly [ˈpɑːrt.li]
petice,petition [pəˈtɪʃ.ən]
fráze,phrase [freɪz]
fyzicky,physically [ˈfɪz.ɪ.kəl.i]
rasový,racial [ˈreɪ.ʃəl]
režim,regime [reɪˈʒiːm]
omáčka,sauce [sɑːs]
pečeť,seal [siːl]
štít,shield [ʃiːld]
podobně,similarly [ˈsɪm.ə.lɚ.li]
skluzavka,slide [slaɪd]
zastavit,stem [stem]
Summit,summit [ˈsʌm.ɪt]
hrdlo,throat [θroʊt]
tygr,tiger [ˈtaɪ.ɡɚ]
hračka,toy [tɔɪ]
bojovník,warrior [ˈwɔːr.i.ɚ]
cizí,alien [ˈeɪ.li.ən]
trapné,awkward [ˈɑː.kwɚd]
bestie,beast [biːst]
hovězí,beef [biːf]
bonbón,candy [ˈkæn.di]
dopravce,carrier [ˈker.i.ɚ]
oslava,celebration [ˌsel.əˈbreɪ.ʃən]
osobnost,celebrity [səˈleb.rə.t̬i]
osvědčení,certificate [sɚˈtɪf.ə.kət]
uvést,cite [saɪt]
jíl,clay [kleɪ]
koučování,coaching [ˈkoʊ.tʃɪŋ]
kolega,colleague [ˈkɑː.liːɡ]
postavit,construct [kənˈstrʌkt]
výchozí,default [dɪˈfɑːlt]
odvodit,derive [dɪˈraɪv]
dialog,dialogue [ˈdaɪ.ə.lɑːɡ]
deaktivovat,disable [dɪˈseɪ.bəl]
odlišný,distinct [dɪˈstɪŋkt]
táhnout,drag [dræɡ]
vzdělávat,educate [ˈedʒ.ə.keɪt]
oprávněný,eligible [ˈel.ə.dʒə.bəl]
provedení,execution [ˌek.səˈkjuː.ʃən]
padesát,fifty [ˈfɪf.ti]
následovník,follower [ˈfɑː.loʊ.ɚ]
blázen,fool [fuːl]
rámec,framework [ˈfreɪm.wɝːk]
franšíza,franchise [ˈfræn.tʃaɪz]
nábytek,furniture [ˈfɝː.nɪ.tʃɚ]
integrovat,integrate [ˈɪn.t̬ə.ɡreɪt]
inteligentní,intelligent [ɪnˈtel.ə.dʒənt]
interakce,interaction [ˌɪn.t̬ɚˈræk.ʃən]
proud,jet [dʒet]
osvětlení,lighting [ˈlaɪ.t̬ɪŋ]
smyčka,loop [luːp]
nákupní centrum,mall [mɑːl]
zámoří,overseas [ˌoʊ.vɚˈsiːz]
polština,polish [ˈpɑː.lɪʃ]
doporučení,recommendation [ˌrek.ə.menˈdeɪ.ʃən]
Obnovit,recover [rɪˈkʌv.ɚ]
relaxovat,relax [rɪˈlæks]
spolehlivý,reliable [rɪˈlaɪ.ə.bəl]
spoléhat,rely [rɪˈlaɪ]
pozoruhodný,remarkable [rɪˈmɑːr.kə.bəl]
obětovat,sacrifice [ˈsæk.rə.faɪs]
podrážka,sole [soʊl]
uspět,succeed [səkˈsiːd]
příběh,tale [teɪl]
dobrovolník,volunteer [ˌvɑː.lənˈtɪr]
uctívání,worship [ˈwɝː.ʃɪp]
hodný,worthy [ˈwɝː.ði]
poplach,alarm [əˈlɑːrm]
dýchání,breathing [ˈbriː.ðɪŋ]
Butt,butt [bʌt]
charakteristický,characteristic [ˌker.ək.təˈrɪs.tɪk]
spolupráce,collaboration [kəˌlæb.əˈreɪ.ʃən]
ošidit,con [kɑːn]
zvážení,consideration [kənˌsɪd.əˈreɪ.ʃən]
rozhodující,crucial [ˈkruː.ʃəl]
závislý,dependent [dɪˈpen.dənt]
dvojí,dual [ˈduː.əl]
vybavit,equip [ɪˈkwɪp]
experimentální,experimental [ɪkˌsper.əˈmen.t̬əl]
krmení,feeding [ˈfiː.dɪŋ]
filtr,filter [ˈfɪl.tɚ]
galaxie,galaxy [ˈɡæl.ək.si]
zeměkoule,globe [ɡloʊb]
záliv,gulf [ɡʌlf]
zvýraznit,highlight [ˈhaɪ.laɪt]
úmysl,intent [ɪnˈtent]
rozsudek,judgment [ˈdʒʌdʒ.mənt]
rytíř,knight [naɪt]
zralý,mature [məˈtʃʊr]
klidný,peaceful [ˈpiːs.fəl]
kolík,pin [pɪn]
prevence,prevention [prɪˈven.ʃən]
tisk,printing [ˈprɪn.t̬ɪŋ]
veřejně,publicly [ˈpʌb.lɪ.kli]
čerpadlo,pump [pʌmp]
pomsta,revenge [rɪˈvendʒ]
uspokojit,satisfy [ˈsæt̬.ɪs.faɪ]
proklouznout,slip [slɪp]
náhradní,spare [sper]
specialista,specialist [ˈspeʃ.əl.ɪst]
překvapující,surprising [sɚˈpraɪ.zɪŋ]
Klepněte,tap [tæp]
cestovní ruch,tourism [ˈtʊr.ɪ.zəm]
přijatelný,acceptable [əkˈsept.ə.bəl]
spojenec,ally [ˈæl.aɪ]
aukce,auction [ˈɑːk.ʃən]
chaos,chaos [ˈkeɪ.ɑːs]
komponovat,compose [kəmˈpoʊz]
koncentrace,concentration [ˌkɑːn.sənˈtreɪ.ʃən]
měď,copper [ˈkɑː.pɚ]
sbor,corps [kɔːr]
počítací,counting [kaʊnt]
svítání,dawn [dɑːn]
spor,dispute [dɪˈspjuːt]
výdělek,earning [ɝːn]
vykonat,execute [ˈek.sə.kjuːt]
Časté,frequent [ˈfriː.kwənt]
Huh,huh [hə]
okraj,margin [ˈmɑːr.dʒɪn]
mar,mar [mɑːr]
mechanismus,mechanism [ˈmek.ə.nɪ.zəm]
mírný,moderate [ˈmɑː.dɚ.ət]
opera,opera [ˈɑː.pɚ.ə]
překonat,overcome [ˌoʊ.vɚˈkʌm]
paralelní,parallel [ˈper.ə.lel]
průchod,passage [ˈpæs.ɪdʒ]
jáma,pit [pɪt]
psychologický,psychological [ˌsaɪ.kəˈlɑː.dʒɪ.kəl]
hledání,quest [kwest]
záření,radiation [ˌreɪ.diˈeɪ.ʃən]
mrtvice,stroke [stroʊk]
ohromující,stunning [ˈstʌn.ɪŋ]
naladit,tune [tuːn]
nástroj,utility [juːˈtɪl.ə.t̬i]
plavidlo,vessel [ˈves.əl]
plevel,weed [wiːd]
kdekoli,wherever [werˈev.ɚ]
získávání,acquisition [ˌæk.wəˈzɪʃ.ən]
podzim,autumn [ˈɑː.t̬əm]
odvážné,bold [boʊld]
dýchat,breathe [briːð]
klasický,classical [ˈklæs.ɪ.kəl]
klip,clip [klɪp]
mince,coin [kɔɪn]
spiknutí,conspiracy [kənˈspɪr.ə.si]
kontroverze,controversy [ˈkɑːn.trə.vɝː.si]
bednář,cooper [ˈkuː.pɚ]
zmizet,disappear [ˌdɪs.əˈpɪr]
Eh,eh [eɪ]
setkání,encounter [ɪnˈkaʊn.t̬ɚ]
rovnost,equality [iˈkwɑː.lə.t̬i]
zkouška,exam [ɪɡˈzæm]
zkouška,examination [ɪɡˌzæm.əˈneɪ.ʃən]
federace,federation [ˌfed.əˈreɪ.ʃən]
fiskální,fiscal [ˈfɪs.kəl]
Guardian,guardian [ˈɡɑːr.di.ən]
bez domova,homeless [ˈhoʊm.ləs]
zásah,intervention [ˌɪn.t̬ɚˈven.ʃən]
milenec,lover [ˈlʌv.ɚ]
menu,menu [ˈmen.juː]
vzájemné,mutual [ˈmjuː.tʃu.əl]
Ne,nope [noʊp]
útok,offense [əˈfens]
ústní,oral [ˈɔːr.əl]
panika,panic [ˈpæn.ɪk]
RIP,rip [rɪp]
rozsah,scope [skoʊp]
segment,segment [ˈseɡ.mənt]
spektrum,spectrum [ˈspek.trəm]
teror,terror [ˈter.ɚ]
podnik,venture [ˈven.tʃɚ]
prakticky,virtually [ˈvɝː.tʃu.ə.li]
Warren,warren [ˈwɔːr.ən]
ano,yea [jeɪ]
uspořádání,arrangement [əˈreɪndʒ.mənt]
hranice,boundary [ˈbaʊn.dər.i]
cihlový,brick [brɪk]
značný,considerable [kənˈsɪd.ɚ.ə.bəl]
konvenční,conventional [kənˈven.ʃən.əl]
určit,designate [ˈdez.ɪɡ.neɪt]
císař,emperor [ˈem.pɚ.ɚ]
zaměstnavatel,employer [ɪmˈplɔɪ.ɚ]
obrovský,enormous [əˈnɔːr.məs]
odpustit,forgive [fɚˈɡɪv]
garáž,garage [ɡəˈrɑːʒ]
shromáždění,gathering [ˈɡæð.ɚ.ɪŋ]
Pokyny,guideline [ˈɡaɪd.laɪn]
dotaz,inquiry [ˈɪn.kwɚ.i]
inspektor,inspector [ɪnˈspek.tɚ]
lev,lion [ˈlaɪ.ən]
osamělý,lonely [ˈloʊn.li]
soucit,mercy [ˈmɝː.si]
nicméně,nevertheless [ˌnev.ɚ.ðəˈles]
vnější,outer [ˈaʊ.t̬ɚ]
kyslík,oxygen [ˈɑːk.sɪ.dʒən]
trubka,pipe [paɪp]
Piss,piss [Výskyt nenalezen]
báseň,poem [ˈpoʊ.əm]
prášek,powder [ˈpaʊ.dɚ]
rasismus,racism [ˈreɪ.sɪ.zəm]
hrubý,rude [ruːd]
šroub,screw [skruː]
sedmý,seventh [ˈsev.ənθ]
přístřeší,shelter [ˈʃel.t̬ɚ]
podpis,signature [ˈsɪɡ.nə.tʃɚ]
pavouk,spider [ˈspaɪ.dɚ]
hold,tribute [ˈtrɪb.juːt]
spoušť,trigger [ˈtrɪɡ.ɚ]
měnit se,vary [ˈver.i]
místo,venue [ˈven.juː]
vy,ye [jiː]
potrat,abortion [əˈbɔːr.ʃən]
přesnost,accuracy [ˈæk.jɚ.ə.si]
umělý,artificial [ˌɑːr.t̬əˈfɪʃ.əl]
důsledně,consistently [kənˈsɪs.tənt.li]
konverze,conversion [kənˈvɝː.ʒən]
copyright,copyright [ˈkɑː.pi.raɪt]
demokrat,democrat [ˈdem.ə.kræt]
vklad,deposit [dɪˈpɑː.zɪt]
cíl,destination [ˌdes.təˈneɪ.ʃən]
špína,dirt [dɝːt]
rozmanité,diverse [dɪˈvɝːs]
božský,divine [dɪˈvaɪn]
er,er [ˌiːˈɑːr]
výhradně,exclusively [ɪksˈkluː.sɪv.li]
vývozní,export [ˈek.spɔːrt]
dříve,formerly [ˈfɔːr.mɚ.li]
funkční,functional [ˈfʌŋk.ʃən.əl]
dědeček,grandfather [ˈɡræn.fɑː.ðɚ]
zvyk,habit [ˈhæb.ɪt]
žárlivý,jealous [ˈdʒel.əs]
líný,lazy [ˈleɪ.zi]
upravit,modify [ˈmɑː.də.faɪ]
obecní,municipal [mjuːˈnɪs.ə.pəl]
námořní,naval [ˈneɪ.vəl]
soused,neighbor [ˈneɪ·bər]
neutrální,neutral [ˈnuː.trəl]
ušlechtilý,noble [ˈnoʊ.bəl]
pat,pat [pæt]
popularita,popularity [ˌpɑː.pjəˈler.ə.t̬i]
kočička,pussy [ˈpʊs.i]
robot,robot [ˈroʊ.bɑːt]
posvátný,sacred [ˈseɪ.krɪd]
vyzvědač,spy [spaɪ]
návrh,suggestion [səˈdʒes.tʃən]
suspenze,suspension [səˈspen.ʃən]
terorismus,terrorism [ˈter.ər.ɪ.zəm]
Terry,terry [ˈter.i]
toxický,toxic [ˈtɑːk.sɪk]
Treasury,treasury [ˈtreʒ.ɚ.i]
tunel,tunnel [ˈtʌn.əl]
upgrade,upgrade [ʌpˈɡreɪd]
rozkaz,warrant [ˈwɔːr.ənt]
aktivně,actively [ˈæk.tɪv.li]
ai,ai [ˌeɪˈaɪ]
pekař,baker [ˈbeɪ.kɚ]
žehnat,bless [bles]
štětec,brush [brʌʃ]
břemeno,burden [ˈbɝː.dən]
neformální,casual [ˈkæʒ.uː.əl]
certifikovat,certify [ˈsɝː.t̬ə.faɪ]
civilní,civilian [səˈvɪl.jən]
koalice,coalition [koʊ.əˈlɪʃ.ən]
kohout,cock [kɑːk]
stěžovat si,complain [kəmˈpleɪn]
kontroverzní,controversial [ˌkɑːn.trəˈvɝː.ʃəl]
jinak,differently [ˈdɪf.ɚ.ənt.li]
disciplína,discipline [ˈdɪs.ə.plɪn]
nechutný,disgusting [dɪsˈɡʌs.tɪŋ]
dominantní,dominant [ˈdɑː.mə.nənt]
esej,essay [ˈes.eɪ]
navíc,furthermore [ˈfɝː.ðɚ.mɔːr]
grafický,graphic [ˈɡræf.ɪk]
léčení,healing [ˈhiː.lɪŋ]
nářadí,implement [ˈɪm.plə.ment]
okamžitě,instantly [ˈɪn.stənt.li]
invaze,invasion [ɪnˈveɪ.ʒən]
legendární,legendary [ˈledʒ.der.i]
výrobce,maker [ˈmeɪ.kɚ]
Outdoor,outdoor [ˈaʊtˌdɔːr]
dlaň,palm [pɑːm]
pól,pole [poʊl]
hospoda,pub [pʌb]
Ranger,ranger [ˈreɪn.dʒɚ]
recepce,reception [rɪˈsep.ʃən]
recept,recipe [ˈres.ə.pi]
regulační,regulatory [ˈreɡ.jə.lə.tɔːr.i]
pryž,rubber [ˈrʌb.ɚ]
seriál,serial [ˈsɪr.i.əl]
had,snake [sneɪk]
sponzor,sponsor [ˈspɑːn.sɚ]
přísný,strict [strɪkt]
následně,subsequently [ˈsʌb.sɪ.kwənt.li]
látka,substance [ˈsʌb.stəns]
syndrom,syndrome [ˈsɪn.droʊm]
neočekávané,unexpected [ˌʌn.ɪkˈspek.tɪd]
používání,usage [ˈjuː.sɪdʒ]
náhodou,accidentally [ˌæk.səˈden.t̬əl.i]
cenově dostupné,affordable [əˈfɔːr.də.bəl]
amatér,amateur [ˈæm.ə.tʃɚ]
Batman,batman [ˈbæt.mən]
zásobník,bin [bɪn]
biologie,biology [baɪˈɑː.lə.dʒi]
Bobby,bobby [ˈbɑː.bi]
krátce,briefly [ˈbriːf.li]
kanál,canal [kəˈnæl]
zrušit,cancel [ˈkæn.səl]
stoupat,climb [klaɪm]
dokončení,completion [kəmˈpliː.ʃən]
Plavba,cruise [kruːz]
prokázat,demonstrate [ˈdem.ən.streɪt]
odchod,departure [dɪˈpɑːr.tʃɚ]
vývojář,developer [dɪˈvel.ə.pɚ]
kopat,dig [dɪɡ]
orel,eagle [ˈiː.ɡəl]
výbuch,explosion [ɪkˈsploʊ.ʒən]
horečka,fever [ˈfiː.vɚ]
tekutina,fluid [ˈfluː.ɪd]
hezký,handsome [ˈhæn.səm]
Ho,ho [/kəˈlæb.ə.reɪt/]
představivost,imagination [ɪˌmædʒ.əˈneɪ.ʃən]
integrace,integration [ˌɪn.t̬əˈɡreɪ.ʃən]
integrita,integrity [ɪnˈteɡ.rə.t̬i]
výklad,interpretation [ɪnˌtɝː.prəˈteɪ.ʃən]
list,leaf [liːf]
legitimní,legitimate [ləˈdʒɪt̬.ə.mət]
blesk,lightning [ˈlaɪt.nɪŋ]
magický,magical [ˈmædʒ.ɪ.kəl]
motivace,motivation [ˌmoʊ.t̬əˈveɪ.ʃən]
ošklivý,nasty [ˈnæs.ti]
výstroj,outfit [ˈaʊt.fɪt]
důchod,pension [ˈpen.ʃən]
povolení,permit [pɚˈmɪt]
příjemný,pleasant [ˈplez.ənt]
portrét,portrait [ˈpɔːr.trɪt]
výrobní,productive [prəˈdʌk.tɪv]
bezpečně,safely [ˈseɪf.li]
Mírné,slight [slaɪt]
socialista,socialist [ˈsoʊ.ʃəl.ɪst]
streamování,streaming [ˈstriː.mɪŋ]
žalovat,sue [suː]
napětí,tension [ˈten.ʃən]
dojemný,touching [ˈtʌtʃ.ɪŋ]
transakce,transaction [trænˈzæk.ʃən]
kroutit,twist [twɪst]
Ugh,ugh [ʊx]
nezaměstnanost,unemployment [ˌʌn.ɪmˈplɔɪ.mənt]
jednota,unity [ˈjuː.nə.t̬i]
zbytečné,useless [ˈjuːs.ləs]
divák,viewer [ˈvjuː.ɚ]
obhájce,advocate [ˈæd.və.keɪt]
oblouk,arc [ɑːrk]
zálohování,backup [ˈbæk.ʌp]
hořké,bitter [ˈbɪt̬.ɚ]
chytrý,clever [ˈklev.ɚ]
klinika,clinic [ˈklɪn.ɪk]
nepřetržité,continuous [kənˈtɪn.ju.əs]
konvertovat,convert [kənˈvɝːt]
správně,correctly [kəˈrekt.li]
tvůrce,creator [kriˈeɪ.t̬ɚ]
stvoření,creature [ˈkriː.tʃɚ]
postižení,disability [ˌdɪs.əˈbɪl.ə.t̬i]
jídlo,dish [dɪʃ]
kachna,duck [dʌk]
hodnocení,evaluation [ɪˌvæl.juˈeɪ.ʃən]
přebytek,excess [ɪkˈses]
zemědělství,farming [ˈfɑːr.mɪŋ]
plot,fence [fens]
postupně,gradually [ˈɡrædʒ.u.ə.li]
gravitace,gravity [ˈɡræv.ə.t̬i]
držák,holder [ˈhoʊl.dɚ]
kapuce,hood [hʊd]
identické,identical [aɪˈden.t̬ə.kəl]
císařský,imperial [ɪmˈpɪr.i.əl]
Ken,ken [ken]
legálně,legally [ˈliː.ɡəl.i]
metr,meter [ˈmiː.t̬ɚ]
hřebík,nail [neɪl]
jednání,negotiation [nəˌɡoʊ.ʃiˈeɪ.ʃən]
nesmysl,nonsense [ˈnɑːn.sens]
provozní,operational [ˌɑː.pəˈreɪ.ʃən.əl]
Phoenix,phoenix [ˈfiː.nɪks]
básník,poet [ˈpoʊ.ət]
opakovaně,repeatedly [rɪˈpiː.t̬ɪd.li]
dřez,sink [sɪŋk]
přeskočit,skip [skɪp]
otroctví,slavery [ˈsleɪ.vər.i]
Snap,snap [snæp]
plavat,swim [swɪm]
švýcarský,swiss [swɪs]
transformace,transformation [ˌtræns.fɚˈmeɪ.ʃən]
zranitelné,vulnerable [ˈvʌl.nɚ.ə.bəl]
bohatý,wealthy [ˈwel.θi]
navíc,additionally [əˈdɪʃ.ən.əl.i]
bronz,bronze [brɑːnz]
Bug,bug [bʌɡ]
jeskyně,cave [keɪv]
chronický,chronic [ˈkrɑː.nɪk]
komunikovat,communicate [kəˈmjuː.nə.keɪt]
odsoudit,convict [kənˈvɪkt]
diagnóza,diagnosis [ˌdaɪ.əɡˈnoʊ.sɪs]
propustit,dismiss [dɪˈsmɪs]
dávka,dose [doʊs]
osmý,eighth [eɪtθ]
Fa,fa [fɑː]
maso,flesh [fleʃ]
převrátit,flip [flɪp]
čtyřicet,forty [ˈfɔːr.t̬i]
štědrý,generous [ˈdʒen.ər.əs]
loajální,loyal [ˈlɔɪ.əl]
marihuana,marijuana [ˌmer.əˈwɑː.nə]
mentálně,mentally [ˈmen.t̬əl.i]
povolání,occupation [ˌɑː.kjəˈpeɪ.ʃən]
oponent,opponent [əˈpoʊ.nənt]
malování,painting [ˈpeɪn.t̬ɪŋ]
náplast,patch [pætʃ]
trpělivost,patience [ˈpeɪ.ʃəns]
znečištění,pollution [pəˈluː.ʃən]
přesně,precisely [prəˈsaɪs.li]
vězeň,prisoner [ˈprɪz.ən.ɚ]
privilegium,privilege [ˈprɪv.əl.ɪdʒ]
Punk,punk [pʌŋk]
radar,radar [ˈreɪ.dɑːr]
odolat,resist [rɪˈzɪst]
výhradně,solely [ˈsoʊl.li]
turista,tourist [ˈtʊr.ɪst]
tranzit,transit [ˈtræn.zɪt]
vila,villa [ˈvɪl.ə]
bezdrátový,wireless [ˈwaɪr.ləs]
zabalit,wrap [ræp]
jóga,yoga [ˈjoʊ.ɡə]
bakterie,bacteria [bækˈtɪr.i.ə]
vedle,beside [bɪˈsaɪd]
čepel,blade [bleɪd]
dolar,buck [bʌk]
hromad,bulk [bʌlk]
náklad,cargo [ˈkɑːr.ɡoʊ]
sčítání lidu,census [ˈsen.səs]
pobřežní,coastal [ˈkoʊ.stəl]
komentář,commentary [ˈkɑː.mən.ter.i]
zmatek,confusion [kənˈfjuː.ʒən]
parlamentní,congressional [kəŋˈɡreʃ.ən.əl]
kukuřice,corn [kɔːrn]
obchodník,dealer [ˈdiː.lɚ]
Deem,deem [diːm]
osud,destiny [ˈdes.tɪ.ni]
vzdálený,distant [ˈdɪs.tənt]
vynořit se,emerge [ɪˈmɝːdʒ]
důraz,emphasis [ˈem.fə.sɪs]
etický,ethic [ˈeθ.ɪk]
vzrušení,excitement [ɪkˈsaɪt.mənt]
průzkum,exploration [ˌek.spləˈreɪ.ʃən]
humor,humor [ˈhjuː.mɚ]
vhled,insight [ˈɪn.saɪt]
nerv,nerve [nɝːv]
noční můra,nightmare [ˈnaɪt.mer]
přes noc,overnight [ˌoʊ.vɚˈnaɪt]
plakát,poster [ˈpoʊ.stɚ]
prakticky,practically [ˈpræk.tɪ.kəl.i]
zachovat,preserve [prɪˈzɝːv]
nálet,raid [reɪd]
beran,ram [ræm]
příslušný,respective [rɪˈspek.tɪv]
omezit,restrict [rɪˈstrɪkt]
Sandy,sandy [ˈsæn.dɪ]
scénář,scenario [səˈner.i.oʊ]
ovce,sheep [ʃiːp]
situace,situate [ˈsɪtʃ.u.eɪt]
udržitelné,sustainable [səˈsteɪ.nə.bəl]
udržované,sustained [səˈsteɪnd]
taxi,taxi [ˈtæk.si]
tabák,tobacco [təˈbæk.oʊ]
stopa,trace [treɪs]
nepříjemný,uncomfortable [ʌnˈkʌm.fɚ.t̬ə]
slabost,weakness [ˈwiːk.nəs]
rozšířený,widespread [ˌwaɪdˈspred]
přístupný,accessible [əkˈses.ə.bəl]
potvrdit,acknowledge [əkˈnɑː.lɪdʒ]
radit,advise [ədˈvaɪz]
poradní,advisory [ədˈvaɪ.zɚ.i]
animace,animation [ˌæn.əˈmeɪ.ʃən]
úkol,assignment [əˈsaɪn.mənt]
vyrovnaný,balanced [ˈbæl.ənst]
holý,bare [ber]
suterén,basement [ˈbeɪs.mənt]
zaujatost,bias [ˈbaɪ.əs]
koberec,carpet [ˈkɑːr.pət]
strop,ceiling [ˈsiː.lɪŋ]
třešeň,cherry [ˈtʃer.i]
chlad,chill [tʃɪl]
klasifikace,classification [ˌklæs.ə.fəˈkeɪ.ʃən]
vodítko,clue [kluː]
kolaps,collapse [kəˈlæps]
sloučenina,compound [ˈkɑːm.paʊnd]
vědomé,conscious [ˈkɑːn.ʃəs]
po sobě jdoucí,consecutive [kənˈsek.jə.t̬ɪv]
kostým,costume [ˈkɑː.stuːm]
oddaný,devoted [dɪˈvoʊ.t̬ɪd]
ovládat,dominate [ˈdɑː.mə.neɪt]
hrabě,earl [ɝːl]
nekonečný,endless [ˈend.ləs]
přezkoumat,examine [ɪɡˈzæm.ɪn]
plovák,float [floʊt]
odpadky,garbage [ˈɡɑːr.bɪdʒ]
evangelium,gospel [ˈɡɑː.spəl]
obilí,grain [ɡreɪn]
identifikace,identification [aɪˌden.t̬ə.fəˈkeɪ.ʃən]
kolo,lap [læp]
játra,liver [ˈlɪv.ɚ]
metropolitní,metropolitan [ˌmet.rəˈpɑː.lə.tən]
směs,mixture [ˈmɪks.tʃɚ]
nominovat,nominate [ˈnɑː.mə.neɪt]
dub,oak [oʊk]
parlamentní,parliamentary [ˌpɑːr.ləˈmen.t̬ɚ.i]
patent,patent [ˈpæt.ənt]
vnímání,perception [pɚ-]
lékař,physician [fɪˈzɪʃ.ən]
řízení,proceeding [proʊˈsiːd]
žák,pupil [ˈpjuː.pəl]
obnovit,restore [rɪˈstɔːr]
puška,rifle [ˈraɪ.fəl]
soupeřit,rival [ˈraɪ.vəl]
běžec,runner [ˈrʌn.ɚ]
Bohužel,sadly [ˈsæd.li]
význam,significance [sɪɡˈnɪf.ə.kəns]
mýdlo,soap [soʊp]
sprej,spray [spreɪ]
strukturální,structural [ˈstrʌk.tʃɚ.əl]
Suite,suite [swiːt]
tropický,tropical [ˈtrɑː.pɪ.kəl]
zbytečné,unnecessary [ʌnˈnes.ə.ser.i]
verš,verse [vɝːs]
vítěz,victor [ˈvɪk.tɚ]
vinobraní,vintage [ˈvɪn.t̬ɪdʒ]
varovat,warn [wɔːrn]
akr,acre [ˈeɪ.kɚ]
přizpůsobit,adapt [əˈdæpt]
přijetí,adoption [əˈdɑːp.ʃən]
anonymní,anonymous [əˈnɑː.nə.məs]
umělecký,artistic [ɑːrˈtɪs.tɪk]
účast,attendance [əˈten.dəns]
letectví,aviation [ˌeɪ.viˈeɪ.ʃən]
hlaveň,barrel [ˈber.əl]
box,boxing [ˈbɑːk.sɪŋ]
Chuck,chuck [tʃʌk]
kino,cinema [ˈsɪn.ə.mə]
koloniální,colonial [kəˈloʊ.ni.əl]
dodržování,compliance [kəmˈplaɪ.əns]
naopak,contrary [ˈkɑːn.tre.ri]
gauč,couch [kaʊtʃ]
rozdrtit,crush [krʌʃ]
přehrada,dam [dæm]
pokles,decrease [dɪˈkriːs]
Žánr,genre [ˈʒɑːn.rə]
jemný,gentle [ˈdʒen.t̬əl]
gramatika,grammar [ˈɡræm.ɚ]
ilustrovat,illustrate [ˈɪl.ə.streɪt]
vymyslet,invent [ɪnˈvent]
pronájem,lease [liːs]
čočka,lens [lenz]
věrnost,loyalty [ˈlɔɪ.əl.t̬i]
magnetický,magnetic [mæɡˈnet̬.ɪk]
tajemný,mysterious [mɪˈstɪr.i.əs]
pojem,notion [ˈnoʊ.ʃən]
částečný,partial [ˈpɑːr.ʃəl]
propaganda,propaganda [ˌprɑː.pəˈɡæn.də]
krysa,rat [ræt]
odraz,reflection [rɪˈflek.ʃən]
odhodlání,resolve [rɪˈzɑːlv]
revoluční,revolutionary [ˌrev.əˈluː.ʃən.er.i]
skandál,scandal [ˈskæn.dəl]
lesk,shine [ʃaɪn]
Si,si [siː]
zároveň,simultaneously [ˌsaɪ.məlˈteɪ.ni.əs.li]
nahradit,substitute [ˈsʌb.stə.tuːt]
dohled,surveillance [sɚˈveɪ.ləns]
taktika,tactic [ˈtæk.tɪk]
svědectví,testimony [ˈtes.tə.moʊ.ni]
poklad,treasure [ˈtreʒ.ɚ]
trofej,trophy [ˈtroʊ.fi]
tweet,tweet [twiːt]
Podle,underlie [ˌʌn.dɚˈlaɪ]
nespravedlivé,unfair [ʌnˈfer]
přijetí,acceptance [əkˈsep.təns]
každoročně,annually [ˈæn.ju.ə.li]
omlouvám se,apologize [əˈpɑː.lə.dʒaɪz]
popel,ash [æʃ]
teta,aunt [ænt]
bublina,bubble [ˈbʌb.əl]
kupující,buyer [ˈbaɪ.ɚ]
kasino,casino [kəˈsiː.noʊ]
poradce,counsel [ˈkaʊn.səl]
smrtící,deadly [ˈded.li]
odhodlání,determination [dɪˌtɝː.mɪˈneɪ.ʃən]
objetí,embrace [ɪmˈbreɪs]
exponát,exhibit [ɪɡˈzɪb.ɪt]
gentleman,gentleman [ˈdʒen.t̬əl.mən]
kladivo,hammer [ˈhæm.ɚ]
ikona,icon [ˈaɪ.kɑːn]
uložit,impose [ɪmˈpoʊz]
domorodý,indigenous [ɪnˈdɪdʒ.ə.nəs]
nekonečný,infinite [ˈɪn.fə.nət]
instalace,installation [ˌɪn.stəˈleɪ.ʃən]
mezi,inter [ɪnˈtɝː]
zákonodárce,legislature [ˈledʒ.ə.slə.tʃɚ]
odpovědnost,liability [ˌlaɪ.əˈbɪl.ə.t̬i]
navíc,moreover [ˌmɔːrˈoʊ.vɚ]
naše,ours [ˈaʊ.ɚz]
průvod,parade [pəˈreɪd]
ráj,paradise [ˈper.ə.daɪs]
vnímat,perceive [pɚ-]
předběžný,preliminary [prɪˈlɪm.ə.ner.i]
premiéra,premiere [prɪˈmɪr]
předsednictví,presidency [ˈprez.ɪ.dən.si]
reagovat,react [riˈækt]
realistický,realistic [ˌriː.əˈlɪs.tɪk]
poznámka,remark [rɪˈmɑːrk]
udržet,retain [rɪˈteɪn]
Rocky,rocky [ˈrɑː.ki]
spokojenost,satisfaction [ˌsæt̬.ɪsˈfæk.ʃən]
poškrábat,scratch [skrætʃ]
odstín,shade [ʃeɪd]
šerif,sheriff [ˈʃer.ɪf]
plachý,shy [ʃaɪ]
někdy,sometime [ˈsʌm.taɪm]
přísně,strictly [ˈstrɪkt.li]
sluneční svit,sunshine [ˈsʌn.ʃaɪn]
ty,thou [ðaʊ]
úroveň,tier [tɪr]
hlasitý,vocal [ˈvoʊ.kəl]
výtěžek,yield [jiːld]
dokonalý,accomplished [əˈkɑːm.plɪʃt]
přijetí,admission [ədˈmɪʃ.ən]
aka,aka [ˌeɪ.keɪˈeɪ]
slanina,bacon [ˈbeɪ.kən]
bariéra,barrier [ˈber.i.ɚ]
prasknutí,burst [bɝːst]
dobytek,cattle [ˈkæt̬.əl]
třída,classroom [ˈklæs.ruːm]
kompromis,compromise [ˈkɑːm.prə.maɪz]
Pohodlné,convenient [kənˈviː.ni.ənt]
plodina,crop [krɑːp]
zemětřesení,earthquake [ˈɝːθ.kweɪk]
starší,elderly [ˈel.dɚ.li]
odstranit,eliminate [iˈlɪm.ə.neɪt]
rozpaky,embarrass [ɪmˈber.əs]
přístav,harbor [ˈhɑːr.bɚ]
ion,ion [ˈaɪ.ɑːn]
léky,medication [ˌmed.əˈkeɪ.ʃən]
par,par [pɑːr]
portfolio,portfolio [ˌpɔːrtˈfoʊ.li.oʊ]
produktivita,productivity [ˌproʊ.dəkˈtɪv.ə.t̬i]
protokol,protocol [ˈproʊ.t̬ə.kɑːl]
tiše,quietly [ˈkwaɪət.li]
promítání,screening [ˈskriː.nɪŋ]
polévka,soup [suːp]
jihovýchodní,southeast [ˌsaʊθˈiːst]
STAKE,stake [steɪk]
kmen,strain [streɪn]
rychlý,swift [swɪft]
řešení,tackle [ˈtæk.əl]
mučení,torture [ˈtɔːr.tʃɚ]
přeložit,translate [trænsˈleɪt]
naléhavé,urgent [ˈɝː.dʒənt]
zelenina,vegetable [ˈvedʒ.tə.bəl]
vertikální,vertical [ˈvɝː.t̬ə.kəl]
porušení,violation [ˌvaɪ.əˈleɪ.ʃən]
peněženka,wallet [ˈwɑː.lɪt]
velština,welsh [welʃ]
dílna,workshop [ˈwɝːk.ʃɑːp]
na palubě,aboard [əˈbɔːrd]
abstraktní,abstract [ˈæb.strækt]
přízvuk,accent [ˈæk.sənt]
závislost,addiction [əˈdɪk.ʃən]
probudit,awake [əˈweɪk]
paprsek,beam [biːm]
fazole,bean [biːn]
prázdný,blank [blæŋk]
buvol,buffalo [ˈbʌf.ə.loʊ]
přesvědčení,conviction [kənˈvɪk.ʃən]
zkorumpovaný,corrupt [kəˈrʌpt]
kráva,cow [kaʊ]
křivka,curve [kɝːv]
depresivní,depressed [dɪˈprest]
zasloužený,deserved [dɪˈzɝːvd]
stolování,dining [daɪn]
trvání,duration [duːˈreɪ.ʃən]
patnáct,fifteen [ˌfɪfˈtiːn]
babička,grandmother [ˈɡræn.mʌð.ɚ]
drsný,harsh [hɑːrʃ]
roh,horn [hɔːrn]
spěchat,hurry [ˈhɝː.i]
imunní,immune [ɪˈmjuːn]
inflace,inflation [ɪnˈfleɪ.ʃən]
přísada,ingredient [ɪnˈɡriː.di.ənt]
inspekce,inspection [ɪnˈspek.ʃən]
instalovat,install [ɪnˈstɑːl]
intenzita,intensity [ɪnˈten.sə.t̬i]
inventář,inventory [ˈɪn.vən.tɔːr.i]
pozvání,invitation [ˌɪn.vəˈteɪ.ʃən]
soudní,judicial [dʒuːˈdɪʃ.əl]
ospravedlnit,justify [ˈdʒʌs.tə.faɪ]
štíhlý,lean [liːn]
přednáška,lecture [ˈlek.tʃɚ]
smysluplné,meaningful [ˈmiː.nɪŋ.fəl]
migrace,migration [maɪˈɡreɪ.ʃən]
střela,missile [ˈmɪs.əl]
orgán,organ [ˈɔːr.ɡən]
hlídka,patrol [pəˈtroʊl]
perla,pearl [pɝːl]
peer,peer [pɪr]
pepř,pepper [ˈpep.ɚ]
prase,pig [pɪɡ]
hromada,pile [paɪl]
zástrčka,plug [plʌɡ]
ustanovení,provision [prəˈvɪʒ.ən]
revidovat,revise [rɪˈvaɪz]
tyč,rod [rɑːd]
schodiště,stair [ster]
Zírat,stare [ster]
statistický,statistical [stəˈtɪs.tɪ.kəl]
cizinec,stranger [ˈstreɪn.dʒɚ]
pot,sweat [swet]
tetování,tattoo [tætˈuː]
dospívající,teenage [ˈtiːn.eɪdʒ]
hrom,thunder [ˈθʌn.dɚ]
tragédie,tragedy [ˈtrædʒ.ə.di]
trauma,trauma [ˈtrɑː.mə]
zápas,wrestling [ˈres.lɪŋ]
Zoo,zoo [zuː]
soulad,accordance [əˈkɔːr.dəns]
aktivista,activist [ˈæk.tə.vɪst]
podobně,alike [əˈlaɪk]
použitelné,applicable [əˈplɪk.ə.bəl]
šipka,arrow [ˈer.oʊ]
dostupnost,availability [əˌveɪ.ləˈbɪl.ə.t̬i]
Ba,ba [ˌbiːˈeɪ]
ohyb,bend [bend]
porušení,breach [briːtʃ]
chata,cabin [ˈkæb.ɪn]
klec,cage [keɪdʒ]
kancléř,chancellor [ˈtʃæn.səl.ɚ]
jásot,cheer [tʃɪr]
skříň,closet [ˈklɑː.zət]
společník,companion [kəmˈpæn.jən]
vědomí,consciousness [ˈkɑːn.ʃəs.nəs]
poradce,consultant [kənˈsʌl.tənt]
řadič,controller [kənˈtroʊ.lɚ]
odpovídat,correspond [ˌkɔːr.əˈspɑːnd]
zdvořilost,courtesy [ˈkɝː.t̬ə.si]
disk,disc [dɪsk]
velvyslanectví,embassy [ˈem.bə.si]
fascinující,fascinating [ˈfæs.ən.eɪ.tɪŋ]
vina,guilt [ɡɪlt]
útočiště,haven [ˈheɪ.vən]
helikoptéra,helicopter [ˈhel.əˌkɑːp.tɚ]
domácí úkol,homework [ˈhoʊm.wɝːk]
ikonický,iconic [aɪˈkɑː.nɪk]
infikovat,infect [ɪnˈfekt]
Keen,keen [kiːn]
povinné,mandatory [ˈmæn.də.tɔːr.i]
výroba,manufacture [ˌmæn.jəˈfæk.tʃɚ]
mechanik,mechanic [məˈkæn.ɪk]
pouhý,mere [mɪr]
zázrak,miracle [ˈmɪr.ə.kəl]
bláto,mud [mʌd]
pozorování,observation [ˌɑːb.zɚˈveɪ.ʃən]
dlužit,owe [oʊ]
jev,phenomenon [fəˈnɑː.mə.nɑːn]
přesný,precise [prəˈsaɪs]
profese,profession [prəˈfeʃ.ən]
vyhlídka,prospect [ˈprɑː.spekt]
ochranný,protective [prəˈtek.tɪv]
poskytovatel,provider [prəˈvaɪ.dɚ]
vydavatel,publisher [ˈpʌb.lɪ.ʃɚ]
údajně,reportedly [rɪˈpɔːr.t̬ɪd.li]
ustoupit,retreat [rɪˈtriːt]
Rookie,rookie [ˈrʊk.i]
sendvič,sandwich [ˈsæn.wɪtʃ]
oddělení,separation [ˌsep.əˈreɪ.ʃən]
sexuálně,sexually [ˈsek.ʃu.əl.i]
lyže,ski [skiː]
sterling,sterling [ˈstɝː.lɪŋ]
chirurg,surgeon [ˈsɝː.dʒən]
krádež,theft [θeft]
ventil,valve [vælv]
vízum,visa [ˈviː.zə]
sousední,adjacent [əˈdʒeɪ.sənt]
uznání,appreciation [əˌpriː.ʃiˈeɪ.ʃən]
atletický,athletic [æθˈlet̬.ɪk]
povolit,authorize [ˈɑː.θɚ.aɪz]
prapor,banner [ˈbæn.ɚ]
Brad,brad [/kəˈlæb.ə.reɪt/]
kouzlo,charm [tʃɑːrm]
pronásledování,chasing [tʃeɪs]
horolezectví,climbing [ˈklaɪ.mɪŋ]
kolonie,colony [ˈkɑː.lə.ni]
krutý,cruel [ˈkruː.əl]
osnovy,curriculum [kəˈrɪk.jə.ləm]
lhůta,deadline [ˈded.laɪn]
jelen,deer [dɪr]
delta,delta [ˈdel.t̬ə]
ponořit se,dive [daɪv]
jedenáct,eleven [əˈlev.ən]
entita,entity [ˈen.t̬ə.t̬i]
nadměrný,excessive [ekˈses.ɪv]
Feministka,feminist [ˈfem.ə.nɪst]
řídit,govern [ˈɡʌv.ɚn]
šunka,ham [hæm]
léčit,heal [hiːl]
rozhraní,interface [ˈɪn.t̬ɚ.feɪs]
šperky,jewelry [ˈdʒuː.əl.ri]
žurnalistika,journalism [ˈdʒɝː.nə.lɪ.zəm]
džungle,jungle [ˈdʒʌŋ.ɡəl]
lineární,linear [ˈlɪn.i.ɚ]
občas,occasional [əˈkeɪ.ʒən.əl]
orient,orient [ˈɔːr.i.ənt]
předpovědět,predict [prɪˈdɪkt]
Prof,prof [prɑːf]
pronásledování,pursuit [pɚˈsuːt]
rap,rap [ræp]
připomínka,reminder [rɪˈmaɪn.dɚ]
resumé,resume [rɪˈzuːm]
Rev,rev [rev]
hřbet,ridge [rɪdʒ]
učenec,scholar [ˈskɑː.lɚ]
kmen,tribe [traɪb]
nešťastný,unfortunate [ʌnˈfɔːr.tʃən.ət]
proměnná,variable [ˈver.i.ə.bəl]
znepokojující,worrying [ˈwɝː.i.ɪŋ]
eso,ace [eɪs]
upravit,adjust [əˈdʒʌst]
střídat,alternate [ˈɑːl.tɚ.neɪt]
atrakce,attraction [əˈtræk.ʃən]
kotě,babe [beɪb]
bankrot,bankruptcy [ˈbæŋ.krəpt.si]
kánon,canon [ˈkæn.ən]
schopnost,capability [ˌkeɪ.pəˈbɪl.ə.t̬i]
uzavření,closure [ˈkloʊ.ʒɚ]
poznávací,cognitive [ˈkɑːɡ.nə.t̬ɪv]
závodník,competitor [kəmˈpet̬.ə.t̬ɚ]
obránce,defender [dɪˈfen.dɚ]
zubní,dental [ˈden.t̬əl]
diplomatický,diplomatic [ˌdɪp.ləˈmæt̬.ɪk]
buben,drum [drʌm]
redakční,editorial [ˌed.əˈtɔːr.i.əl]
bavit,entertain [en.t̬ɚˈteɪn]
věčný,eternal [ɪˈtɝː.nəl]
zmrazit,freeze [friːz]
obecný,generic [dʒəˈner.ɪk]
babička,grandma [ˈɡræn.mɑː]
rukojeť,grip [ɡrɪp]
hrst,handful [ˈhænd.fʊl]
pokořit,humble [ˈhʌm.bəl]
hybridní,hybrid [ˈhaɪ.brɪd]
klávesnice,keyboard [ˈkiː.bɔːrd]
lokálně,locally [ˈloʊ.kəl.i]
mírný,mild [maɪld]
minimální,minimal [ˈmɪn.ə.məl]
molekulární,molecular [məˈlek.jə.lɚ]
poledne,noon [nuːn]
dnes,nowadays [ˈnaʊ.ə.deɪz]
otevřeně,openly [ˈoʊ.pən.li]
Přehled,overview [ˈoʊ.vɚ.vjuː]
farní,parish [ˈper.ɪʃ]
ubohý,pathetic [pəˈθet̬.ɪk]
brambor,potato [pəˈteɪ.t̬oʊ]
hrnčíř,potter [ˈpɑː.t̬ɚ]
přednost,preference [ˈpref.ər.əns]
slibný,promising [ˈprɑː.mɪ.sɪŋ]
podíl,proportion [prəˈpɔːr.ʃən]
vztek,rage [reɪdʒ]
obnovení,restoration [ˌres.təˈreɪ.ʃən]
sobecký,selfish [ˈsel.fɪʃ]
seržant,sergeant [ˈsɑːr.dʒənt]
hedvábí,silk [sɪlk]
razítko,stamp [stæmp]
trůn,throne [θroʊn]
tvůj,thy [ðaɪ]
nutkání,urge [ɝːdʒ]
čarodějnice,witch [wɪtʃ]
archiv,archive [ˈɑːr.kaɪv]
pole,array [əˈreɪ]
břicho,belly [ˈbel.i]
Booth,booth [buːθ]
zhroucení,breakdown [ˈbreɪk.daʊn]
brutální,brutal [ˈbruː.t̬əl]
vypočítat,calculate [ˈkæl.kjə.leɪt]
vačka,cam [kæm]
občanství,citizenship [ˈsɪt̬.ə.zən.ʃɪp]
útes,cliff [klɪf]
konsenzus,consensus [kənˈsen.səs]
cyklistika,cycling [ˈsaɪ.klɪŋ]
prohlášení,declaration [ˌdek.ləˈreɪ.ʃən]
Derby,derby [ˈdɝː.bi]
rozdíl,distinction [dɪˈstɪŋk.ʃən]
dar,donation [doʊˈneɪ.ʃən]
obličej,facial [ˈfeɪ.ʃəl]
věřící,faithful [ˈfeɪθ.fəl]
fatální,fatal [ˈfeɪ.t̬əl]
Obr,fig [fɪɡ]
montáž,fitting [ˈfɪt̬.ɪŋ]
skutečně,genuinely [ˈdʒen.ju.ɪn.li]
hlad,hunger [ˈhʌŋ.ɡɚ]
hurikán,hurricane [ˈhɝː.ɪ.keɪn]
inovační,innovative [ˈɪn.ə.veɪ.t̬ɪv]
jurisdikce,jurisdiction [ˌdʒʊr.ɪsˈdɪk.ʃən]
smích,laughter [ˈlæf.tɚ]
citrón,lemon [ˈlem.ən]
načítání,loading [/kəˈlæb.ə.reɪt/]
plíce,lung [lʌŋ]
vhodný,matching [ˈmætʃ.ɪŋ]
mocný,mighty [ˈmaɪ.t̬i]
měnový,monetary [ˈmɑː.nə.ter.i]
výživa,nutrition [nuːˈtrɪʃ.ən]
ruda,ore [ɔːr]
OS,os [ɑːs]
borovice,pine [paɪn]
špatně,poorly [ˈpʊr.li]
póza,pose [poʊz]
Nalijte,pour [/kəˈlæb.ə.reɪt/]
čistě,purely [ˈpjʊr.li]
Půjčovna,rental [ˈren.t̬əl]
zdánlivě,seemingly [ˈsiː.mɪŋ.li]
vážně,severely [səˈvɪr.li]
žralok,shark [ʃɑːrk]
Survivor,survivor [sɚˈvaɪ.vɚ]
technicky,technically [ˈtek.nɪ.kəl.i]
neomezený,unlimited [ʌnˈlɪm.ɪ.t̬ɪd]
úzkostné,anxious [ˈæŋk.ʃəs]
včela,bee [biː]
cigareta,cigarette [ˈsɪɡ.ə.ret]
kult,cult [kʌlt]
Mléko,dairy [ˈder.i]
miláček,darling [ˈdɑːr.lɪŋ]
rozkoš,delight [dɪˈlaɪt]
deník,diary [ˈdaɪr.i]
nesouhlasit,disagree [ˌdɪs.əˈɡriː]
vrtat,drill [drɪl]
vyvinout,evolve [ɪˈvɑːlv]
předpověď,forecast [ˈfɔːr.kæst]
správa,governance [ˈɡʌv.ɚ.nəns]
obejmout,hug [hʌɡ]
Důležité,importantly [ɪmˈpɔːr.tənt.li]
krytý,indoor [ˌɪnˈdɔːr]
vlivný,influential [ˌɪn.fluˈen.ʃəl]
neviditelný,invisible [ɪnˈvɪz.ə.bəl]
soud,lawsuit [ˈlɑː.suːt]
unikat,leak [liːk]
hudebník,musician [mjuːˈzɪʃ.ən]
olivový,olive [ˈɑː.lɪv]
vášnivý,passionate [ˈpæʃ.ən.ət]
přijímač,receiver [rɪˈsiː.vɚ]
nepokoje,riot [ˈraɪ.ət]
seznam,roster [ˈrɑː.stɚ]
lebka,skull [skʌl]
slot,slot [slɑːt]
rozbít,smash [smæʃ]
socha,statue [ˈstætʃ.uː]
překvapivě,surprisingly [sɚˈpraɪ.zɪŋ.li]
kapitulace,surrender [səˈren.dɚ]
podezřelý,suspicious [səˈspɪʃ.əs]
nabídka,tender [ˈten.dɚ]
důkladně,thoroughly [ˈθɝː.ə.li]
vakuum,vacuum [ˈvæk.juːm]
variace,variation [ˌver.iˈeɪ.ʃən]
tvrzení,allegation [ˌæl.əˈɡeɪ.ʃən]
předvídat,anticipate [ænˈtɪs.ə.peɪt]
architekt,architect [ˈɑːr.kə.tekt]
povodí,basin [ˈbeɪ.sən]
příznivý,beneficial [ˌben.əˈfɪʃ.əl]
krvácet,bleed [bliːd]
plemeno,breed [briːd]
nevěsta,bride [braɪd]
pupen,bud [bʌd]
majordomus,butler [ˈbʌt.lɚ]
karikatura,cartoon [kɑːrˈtuːn]
kuřátko,chick [tʃɪk]
koks,coke [koʊk]
srovnatelný,comparable [ˈkɑːm.pɚ.ə.bəl]
potvrzení,confirmation [ˌkɑːn.fɚˈmeɪ.ʃən]
utěšit,console [kənˈsoʊl]
dodavatel,contractor [ˈkɑːn.træk.tɚ]
průměr,diameter [daɪˈæm.ə.t̬ɚ]
skládka,dump [dʌmp]
Duo,duo [ˈduː.oʊ]
slon,elephant [ˈel.ə.fənt]
zvýšit,enhance [ɪnˈhæns]
vyčerpaný,exhausted [ɪɡˈzɑː.stɪd]
tkanina,fabric [ˈfæb.rɪk]
báječný,fabulous [ˈfæb.jə.ləs]
víla,fairy [ˈfer.i]
složit,fold [foʊld]
blázen,freak [friːk]
hazardní hry,gambling [ˈɡæm.blɪŋ]
jemně,gently [ˈdʒent.li]
slavné,glorious [ˈɡlɔːr.i.əs]
smutek,grief [ɡriːf]
Hub,hub [hʌb]
nevyhnutelný,inevitable [ˌɪnˈev.ə.t̬ə.bəl]
rozložení,layout [ˈleɪ.aʊt]
Lodge,lodge [lɑːdʒ]
obchodník,merchant [ˈmɝː.tʃənt]
zásluhy,merit [ˈmer.ɪt]
ohromující,overwhelming [ˌoʊ.vɚˈwel.mɪŋ]
bledý,pale [peɪl]
částice,particle [ˈpɑːr.t̬ə.kəl]
pastor,pastor [ˈpæs.tɚ]
trvale,permanently [ˈpɝː.mə.nənt.li]
otrávit,poison [ˈpɔɪ.zən]
provinční,provincial [prəˈvɪn.ʃəl]
rebel,rebel [ˈreb.əl]
otáčení,rotation [roʊˈteɪ.ʃən]
odděleně,separately [ˈsep.ɚ.ət.li]
jemný,subtle [ˈsʌt̬.əl]
mýtné,toll [toʊl]
tragický,tragic [ˈtrædʒ.ɪk]
trenér,trainer [ˈtreɪ.nɚ]
transformace,transform [trænsˈfɔːrm]
neuvěřitelný,unbelievable [ˌʌn.bɪˈliː.və.bəl]
pod,underneath [ˌʌn.dɚˈniːθ]
virový,viral [ˈvaɪ.rəl]
